title,url,views,likes,comments,description,fetched_date
【総勢35名 】令和の虎総選挙開催［投票期間は5月16日〜5月30日まで］,https://www.youtube.com/watch?v=6Zyzzp0Xyx0,52792,580,1497,【令和の虎 総選挙企画について】 以下の文面をコピーしていただき 各投票項目に「虎の氏名」を記載してこの動画のコメント欄に投稿してください。 ※投票期限：配信から2週間後の 5/30(金)23:59   ★投票対象虎(本家出演キャストのみ有効となります) ※敬称略 林尚弘、桑田龍征、平出心、小林真之、唐沢菜々江、安藤功一郎、三浦哲郎、遠藤悠記、トモハッピー、竹之内教博、竹内亢一、ドラゴン細井、大石純平、青笹寛史、荒木杏奈、岡田真弓、寺田高士、佐々木貴史、神田みつき、谷本吉紹、島やん、井口智明、稲葉信、田中雄士、孫駿一郎、桐原隆、竹長篤史、野口功司、田中絢望、東将大、榊原清一、小澤辰矢、南忠則、茂木哲也、高澤有紀  ★以下の投票文面をコピーしてコメント欄にご回答ください ---------------------------------------------------- ①好きな虎ベスト5 1位： 2位： 3位： 4位： 5位：  ②嫌いな虎ベスト5 1位： 2位： 3位： 4位： 5位：  ③上司にしたい虎ベスト5 1位： 2位： 3位： 4位： 5位：  ④5年後に消えそうな虎ベスト5 1位： 理由： 2位： 理由： 3位： 理由： 4位： 理由： 5位： ----------------------------------------------------  ★『令和の虎 Tiger Funding』志願者の応募はこちら  https://docs.google.com/forms/d/e/1FAIpQLSecdIpHvmGZwDKqcFI4rL6cZq5WT6cpGzS7z0Z63FkL-0Tqaw/viewform  ★事業計画ブラッシュアップ会についてのお問い合わせはこちらから https://lin.ee/QxX4qzn ※ご登録後、メッセージをお送りください。  ★【事業計画書なし】の志願者応募はこちら https://forms.gle/ebeGQYcMKdC5bkpz5  ★『○○版令和の虎』志願者・虎の応募はこちらのサイトから  https://toramjshukatsu.wixsite.com/tigerfunding  ★令和の虎経営塾についてはこちら https://mosh.jp/services/220284  ▽「令和の虎 CHANNEL」○○版加盟申込はこちら https://forms.gle/t817xVE8jmY5A14b7  ▽「青い令和の虎 CHANNEL（旧：受験生版TigerFunding）」○○版加盟申込はこちら https://forms.gle/BY97Az8o7Q7jBct46  ★「令和の虎」運営に関わりたい方大募集！ 応募フォームはこちら：https://forms.gle/5GuqCTPNC5gTeLTF9   ▽オンラインサロン「令和の虎ファンクラブ」(有料)へのご入会はこちら  https://monolith-j.com/fanclub/   ★『令和の虎』スポンサーを募集します！詳細はこちら https://docs.google.com/forms/d/e/1FAIpQLScW2pWLTyhFCjCSGmbT0gFFcNw8duJ2jQv2GtjG7_xCMD8MTw/viewform  ★リライブシャツ佐々木さんの一本流し傑作選はこちら  https://youtu.be/wWHq9ZXbA_s  ★リライブシャツの購入ぺージはこちら  https://reiwanotora.myshopify.com/collections/%E5%95%86%E5%93%81   ★実はモノリスジャパンって広告会社なんです。 ▽尖った広報ブランディングをお求めの方はコチラ！ 令和の虎たちが推奨！その理由は：https://monolith-j.com/reitora/special/advertisement/ HP：https://monolith-j.com/ 制作実績集：https://monolith-j.com/works/  ▽切り抜き動画の応募フォームはこちら 令和の虎 CHANNEL：https://forms.gle/cGD9m7wJ6e7LSarTA 青い令和の虎 CHANNEL：https://docs.google.com/forms/d/e/1FAIpQLSdQUjp6cX2B11CJ_xSd8_hp1bRLqAdVAmMlaRWWzGxtFlQjqg/viewform  ▽虎の子応援 ECサイトはこちら  https://h-soya.wixsite.com/reiwanotora   ★令和の虎 林尚弘 （令和の虎二代目主宰） 【フランチャイズチャンネル】https://www.youtube.com/channel/UCXVW9P_uDdOtWA1DeeliNTA 【株式会社FCチャンネル】https://fcch.co.jp 【X】https://twitter.com/hayashinaohiro  桑田龍征 （株式会社組織の左腕  株式会社通販の虎　 代表） 【桑田龍征チャンネル】https://youtube.com/channel/UCtEm8GdvsJ3iDFqobrfXk2Q 【X(旧Twitter)】https://mobile.twitter.com/ryu_pi_110 【NEW GENERATION GROUP公式サイト】https://bit.ly/47Dvh1s  ズッキー （令和の虎 運営　株式会社MONOLITH Japan 取締役社長）  主宰・岩井の書籍『猛虎を束ねる主宰論』 Amazon.co.jpにて販売中！ https://www.amazon.co.jp/dp/4865901663  二代目主宰・林の書籍『稼ぎたいならキャバクラへ行け』 Amazon.co.jpにて販売中！ https://www.amazon.co.jp/dp/4344043324   チャンネル登録はこちら 令和の虎 CHANNEL  http://www.youtube.com/channel/UCTyKZzmKi95wxmCg9rU-j6Q?sub_confirmation=1  令和の虎Second https://www.youtube.com/@reiwanotora_second 青い令和の虎 CHANNEL https://www.youtube.com/channel/UCt7ROfC-kIfRFx7yl4WLMjg  イエローキャブチャンネル  https://youtube.com/channel/UCf_rMZhRlAdIkMxOpzGrxuw,2025-05-31
"｢こんなビジネス許せない！｣頭痛治療法｢ひだまりショット｣で頭痛治療家を1,000人育てたい【日比 大介】[694人目]令和の虎【FULL】",https://www.youtube.com/watch?v=TuehvVbGN2k,4937073,41589,14946,★日比さんの情報はこちら 【頭痛セラピー協会公式ＨP】http://www.hidamari-shot.com/  ★『令和の虎 Tiger Funding』志願者の応募はこちら  https://docs.google.com/forms/d/e/1FAIpQLSecdIpHvmGZwDKqcFI4rL6cZq5WT6cpGzS7z0Z63FkL-0Tqaw/viewform  ★【事業計画書なし】の志願者応募はこちら https://forms.gle/ebeGQYcMKdC5bkpz5  ★『○○版令和の虎』志願者・虎の応募はこちらのサイトから  https://toramjshukatsu.wixsite.com/tigerfunding  ★令和の虎経営塾についてはこちら https://mosh.jp/services/220284  ▽「令和の虎 CHANNEL」○○版加盟申込はこちら https://forms.gle/t817xVE8jmY5A14b7  ▽「青い令和の虎 CHANNEL（旧：受験生版TigerFunding）」○○版加盟申込はこちら https://forms.gle/BY97Az8o7Q7jBct46  ★「令和の虎」運営に関わりたい方大募集！ 応募フォームはこちら：https://forms.gle/5GuqCTPNC5gTeLTF9   ▽オンラインサロン「令和の虎ファンクラブ」(有料)へのご入会はこちら  https://monolith-j.com/fanclub/   ★『令和の虎』スポンサーを募集します！詳細はこちら https://docs.google.com/forms/d/e/1FAIpQLScW2pWLTyhFCjCSGmbT0gFFcNw8duJ2jQv2GtjG7_xCMD8MTw/viewform  ★リライブシャツ佐々木さんの一本流し傑作選はこちら  https://youtu.be/wWHq9ZXbA_s  ★リライブシャツの購入ぺージはこちら  https://reiwanotora.myshopify.com/collections/%E5%95%86%E5%93%81   ★実はモノリスジャパンって広告会社なんです。 ▽尖った広報ブランディングをお求めの方はコチラ！ 令和の虎たちが推奨！その理由は：https://monolith-j.com/reitora/special/advertisement/ HP：https://monolith-j.com/ 制作実績集：https://monolith-j.com/works/  ▽切り抜き動画の応募フォームはこちら 令和の虎 CHANNEL：https://forms.gle/cGD9m7wJ6e7LSarTA 青い令和の虎 CHANNEL：https://docs.google.com/forms/d/e/1FAIpQLSdQUjp6cX2B11CJ_xSd8_hp1bRLqAdVAmMlaRWWzGxtFlQjqg/viewform  ▽虎の子応援 ECサイトはこちら  https://h-soya.wixsite.com/reiwanotora   ★令和の虎 林尚弘 （令和の虎二代目主宰 株式会社癒し～ぷ 代表 株式会社FCチャンネル 代表取締役） 【フランチャイズチャンネル】https://www.youtube.com/channel/UCXVW9P_uDdOtWA1DeeliNTA 【株式会社FCチャンネル】https://fcch.co.jp 【X】https://twitter.com/hayashinaohiro  ドラゴン細井 （AMASORA CLINIC 院長） 【ドラゴン細井featアマソラクリニックch】https://www.youtube.com/channel/UCvKk23twpijvqlzhSWreySg/featured 【Instagram】https://www.instagram.com/ryuhosoi/ 【Twitter】https://twitter.com/dragonhosoi?ref_src=twsrc%5Egoogle%7Ctwcamp%5Eserp%7Ctwgr%5Eauthor  青笹 寛史/あお （アズール株式会社  代表 動画編集CAMP 主催） 【Twitter】https://twitter.com/aotech6?s=20 【YouTube】https://www.youtube.com/channel/UCgJzj2R9zPaTj6LR1fh8LvA 【動画編集CAMP】https://camp-skill.com/movie-reiwanotora/  桐原隆 （RAM Homes Allied Service Inc.  代表） 【DMCI Homes 日本語サイト】https://www.dmcihomes.jp 【YouTubeチャンネル(フィリピン情報🇵🇭DMCI Homes日本語チャンネル)】https://youtube.com/@dmcihomes6859?feature=shared 【TIKTOK (フィリピン不動産DMCIを勧める理由)】https://www.tiktok.com/@ramhomes.dmci?_t=8lDyvmYV0Zb&_r=1  西田拳 （株式会社テクニケーション 代表） 【X】https://x.com/it21592349 【YouTube】https://youtube.com/@SES_CH?si=LulVXv1FBmW0lV3  ◆司会：茂木 哲也 （株式会社ピナイ・インターナショナル 代表） 【ピナイ家事代行サービスHP】https://pinay.jp/ 【茂木哲也X(旧Twitter)】https://twitter.com/tetsuyamoteki 【ピナイ茂木チャンネル】https://www.youtube.com/@tetsuyamoteki  主宰・岩井の書籍『猛虎を束ねる主宰論』 Amazon.co.jpにて販売中！ https://www.amazon.co.jp/dp/4865901663  二代目主宰・林の書籍『稼ぎたいならキャバクラへ行け』 Amazon.co.jpにて販売中！ https://www.amazon.co.jp/dp/4344043324   チャンネル登録はこちら 令和の虎 CHANNEL  http://www.youtube.com/channel/UCTyKZzmKi95wxmCg9rU-j6Q?sub_confirmation=1  青い令和の虎 CHANNEL https://www.youtube.com/channel/UCt7ROfC-kIfRFx7yl4WLMjg  イエローキャブチャンネル  https://youtube.com/channel/UCf_rMZhRlAdIkMxOpzGrxuw  制作：株式会社Suneight https://suneight.co.jp/ ナレーター：岡田たかゆき,2025-05-31
歌への想いで虎の心を掴めるか｡オリジナル曲をバズらせてシンガーソングライターとして成功したい【物語かんた】[689人目]令和の虎【FULL】,https://www.youtube.com/watch?v=SgaPleB6WnM,155061,1677,387,★物語かんたさんの情報はこちら 【Instagram】https://www.instagram.com/kanta_77_prince 【YouTube】https://youtu.be/QOZnzxxN7L4?si=jv6FCnQahh-xUm99  ★『令和の虎 Tiger Funding』志願者の応募はこちら  https://docs.google.com/forms/d/e/1FAIpQLSecdIpHvmGZwDKqcFI4rL6cZq5WT6cpGzS7z0Z63FkL-0Tqaw/viewform  ★【事業計画書なし】の志願者応募はこちら https://forms.gle/ebeGQYcMKdC5bkpz5  ★『○○版令和の虎』志願者・虎の応募はこちらのサイトから  https://toramjshukatsu.wixsite.com/tigerfunding  ★令和の虎経営塾についてはこちら https://mosh.jp/services/220284  ▽「令和の虎 CHANNEL」○○版加盟申込はこちら https://forms.gle/t817xVE8jmY5A14b7  ▽「青い令和の虎 CHANNEL（旧：受験生版TigerFunding）」○○版加盟申込はこちら https://forms.gle/BY97Az8o7Q7jBct46  ★「令和の虎」運営に関わりたい方大募集！ 応募フォームはこちら：https://forms.gle/5GuqCTPNC5gTeLTF9   ▽オンラインサロン「令和の虎ファンクラブ」(有料)へのご入会はこちら  https://monolith-j.com/fanclub/   ★『令和の虎』スポンサーを募集します！詳細はこちら https://docs.google.com/forms/d/e/1FAIpQLScW2pWLTyhFCjCSGmbT0gFFcNw8duJ2jQv2GtjG7_xCMD8MTw/viewform  ★リライブシャツ佐々木さんの一本流し傑作選はこちら  https://youtu.be/wWHq9ZXbA_s  ★リライブシャツの購入ぺージはこちら  https://reiwanotora.myshopify.com/collections/%E5%95%86%E5%93%81   ★実はモノリスジャパンって広告会社なんです。 ▽尖った広報ブランディングをお求めの方はコチラ！ 令和の虎たちが推奨！その理由は：https://monolith-j.com/reitora/special/advertisement/ HP：https://monolith-j.com/ 制作実績集：https://monolith-j.com/works/  ▽切り抜き動画の応募フォームはこちら 令和の虎 CHANNEL：https://forms.gle/cGD9m7wJ6e7LSarTA 青い令和の虎 CHANNEL：https://docs.google.com/forms/d/e/1FAIpQLSdQUjp6cX2B11CJ_xSd8_hp1bRLqAdVAmMlaRWWzGxtFlQjqg/viewform  ▽虎の子応援 ECサイトはこちら  https://h-soya.wixsite.com/reiwanotora   ★令和の虎 林尚弘 （令和の虎二代目主宰 株式会社癒し～ぷ 代表 株式会社FCチャンネル 代表取締役） 【フランチャイズチャンネル】https://www.youtube.com/channel/UCXVW9P_uDdOtWA1DeeliNTA 【株式会社FCチャンネル】https://fcch.co.jp 【X】https://twitter.com/hayashinaohiro  ドラゴン細井 （AMASORA CLINIC 院長） 【ドラゴン細井featアマソラクリニックch】https://www.youtube.com/channel/UCvKk23twpijvqlzhSWreySg/featured 【Instagram】https://www.instagram.com/ryuhosoi/ 【Twitter】https://twitter.com/dragonhosoi?ref_src=twsrc%5Egoogle%7Ctwcamp%5Eserp%7Ctwgr%5Eauthor  青笹 寛史/あお （アズール株式会社  代表 動画編集CAMP 主催） 【Twitter】https://twitter.com/aotech6?s=20 【YouTube】https://www.youtube.com/channel/UCgJzj2R9zPaTj6LR1fh8LvA 【動画編集CAMP】https://camp-skill.com/movie-reiwanotora/  神田みつき （株式会社ルミナス） 【Twitter】https://twitter.com/kandapagu1011?s=21&t=v2zToeLJ7NzZTL9DmQr0oA 【神田みつきYouTube】https://youtube.com/channel/UCXMMFOYnb1lbNCnIGqvlbpA 【アニソンバーギルドもふる会社YouTubeチャンネル】https://youtube.com/channel/UChLgkLqn-XRblGb_r9Mv2SA  西田拳 （株式会社テクニケーション 代表） 【X】https://x.com/it21592349 【YouTube】https://youtube.com/@SES_CH?si=LulVXv1FBmW0lV3  ◆司会：茂木 哲也 （株式会社ピナイ・インターナショナル 代表） 【ピナイ家事代行サービスHP】https://pinay.jp/ 【茂木哲也X(旧Twitter)】https://twitter.com/tetsuyamoteki 【ピナイ茂木チャンネル】https://www.youtube.com/@tetsuyamoteki  主宰・岩井の書籍『猛虎を束ねる主宰論』 Amazon.co.jpにて販売中！ https://www.amazon.co.jp/dp/4865901663  二代目主宰・林の書籍『稼ぎたいならキャバクラへ行け』 Amazon.co.jpにて販売中！ https://www.amazon.co.jp/dp/4344043324   チャンネル登録はこちら 令和の虎 CHANNEL  http://www.youtube.com/channel/UCTyKZzmKi95wxmCg9rU-j6Q?sub_confirmation=1  青い令和の虎 CHANNEL https://www.youtube.com/channel/UCt7ROfC-kIfRFx7yl4WLMjg  イエローキャブチャンネル  https://youtube.com/channel/UCf_rMZhRlAdIkMxOpzGrxuw  制作：株式会社 Suneight https://suneight.co.jp/ ナレーター：岡田たかゆき,2025-05-31
【前編】｢マジで意味わかんない｣練り直したプランに再び厳しい指摘が…スケートボードと街の共創をテーマに米子市の商店街を盛り上げたい【久代 達也】[24人目]リベンジ版令和の虎,https://www.youtube.com/watch?v=0w0XqUXOzSc,132675,715,211,"リベンジ版後編の動画は​⁠  @tetsuyamoteki にて配信中！ 後編の動画はこちら：https://youtu.be/Yeu2CzI5kmU  久代さんの事業計画書はこちら：https://drive.google.com/file/d/1g_A0teieUwoCVMxgOrxItzK0K2yHaPPj/view?usp=sharing  久代 達也さんの情報はこちら 【クラウドファンディング】https://readyfor.jp/projects/skateshop-camelclutch?sns_share_token=7be78b69312d5052607a&utm_source=pj_share_url&utm_medium=social ※商店街の空き家に公衆トイレを作り、鳥取県米子市を盛り上げたい！支援募集は9月16日（月）午後11:00までです 【Instagram】https://www.instagram.com/skateshop_camelclutch/profilecard/?igsh=eXNreDQwMHJuZDJi  ★「青い令和の虎 CHANNEL（旧：受験生版TigerFunding）」加盟申込フォームはこちら https://forms.gle/BY97Az8o7Q7jBct46  ★○○版 令和の虎 出演者募集中! お申し込みはこちらのサイトから  https://toramjshukatsu.wixsite.com/tigerfunding   「令和の虎」に関わりたい方大募集!  応募フォームはこちら:https://forms.gle/5GuqCTPNC5gTeLTF9   オンラインサロン「令和の虎ファンクラブ」(有料)へのご入会はこちら  https://monolith-j.com/fanclub/   ★リライブシャツ佐々木さんの一本流し傑作選はこちら  https://youtu.be/wWHq9ZXbA_s  ★リライブシャツの購入ぺージはこちら  https://reiwanotora.myshopify.com/collections/%E5%95%86%E5%93%81   ★実はモノリスジャパンって広告会社なんです。 ▽尖った広報ブランディングをお求めの方はコチラ！ 令和の虎たちが推奨！その理由は：https://monolith-j.com/reitora/special/advertisement/ HP：https://monolith-j.com/ 制作実績集：https://monolith-j.com/works/  イエローキャブへの加盟に関するお問い合わせはこちら  https://yellowcab.jp/franchise/   TikTok はこちら https://www.tiktok.com/@reiwanotora?_t=8ZwKsoHG8P4&_r=1   切り抜き動画の応募フォームはこちら 令和の虎 CHANNEL:https://forms.gle/cGD9m7wJ6e7LSarTA 青い令和の虎 CHANNEL: https://docs.google.com/forms/d/e/1FAIpQLSdQUjp6cX2B11CJ_xSd8_hp1bRLqAdVAmMlaRWWzGxtFlQjqg/viewform  虎の子応援 ECサイトはこちら  https://h-soya.wixsite.com/reiwanotora   『令和の虎』出演者募集中  令和の虎からの出資を受けて、事業を本格展開したい勇気ある志願者、大募集中!  【※現在、虎の募集は行っておりません。】   出演オファーは審査の上、ご連絡いたします。  志願者の応募はこちら  https://docs.google.com/forms/d/e/1FAIpQLSecdIpHvmGZwDKqcFI4rL6cZq5WT6cpGzS7z0Z63FkL-0Tqaw/viewform  【※現在、志願者の応募はこちらのフォームのみの受付となっております。  メールにて志願者の応募をいただいても、お受けできない場合がございます。ご了承ください。】   ★リベンジ版令和の虎 ドラゴン細井 (AMASORA CLINIC 院長) 【医学部受験 MEDUCATE TV】     https://www.youtube.com/@meducatetv7203   【ドラゴン細井featアマソラクリニックch】    https://www.youtube.com/@dragon_amasora   【Twitter】https://twitter.com/dragonhosoi  青笹 寛史／あお (アズール株式会社  代表 動画編集CAMP 主催) 【X(旧Twitter)】https://twitter.com/aotech6?s=20 【YouTube】https://www.youtube.com/@aotech6   【動画編集CAMP】https://camp-skill.com/movie-reiwanotora/  野口　功司 (株式会社CBTソリューションズ　代表) 企業HP：https://cbt-s.com/ X(旧Twitter)：https://twitter.com/cbts_noguchi   Youtubeチャンネル：https://www.youtube.com/@CBTS-ch  谷本吉紹 (株式会社エースタイル 代表取締役) 【YouTube】https://www.youtube.com/tanimotoke/ 【X(旧Twitter)】https://twitter.com/kaigo_akaruku?s=21&t=Mhdd7tvaEiWETRIprybFbw 【HP】https://tanimotoke.jp  林尚弘 (株式会社癒し～ぷ 代表 株式会社FCチャンネル 代表取締役) 【フランチャイズチャンネル】https://www.youtube.com/@fc-channel   【株式会社FCチャンネル】https://fcch.co.jp  ★司会：茂木 哲也 (株式会社ピナイ・インターナショナル 代表) 【ピナイ家事代行サービスHP】https://pinay.jp/ 【X(旧Twitter)】https://twitter.com/tetsuyamoteki 【ピナイ茂木チャンネル】https://www.youtube.com/@tetsuyamoteki  ========================= ■茂木が代表を務める「ピナイ家事代行サービス」 https://pinay.jp/  ★ピナイ家事代行サービス　おトクなキャンペーン実施中 9/12～25はチャンス期間！その間にまでにお問い合わせいただいた方は、Amazonギフト券のプレゼントが10,000円から15,000円に増額中！ ※15,000円を3ヶ月間、合計45,000円分プレゼント ※定期契約の最低利用期間の設定はありません  さらに、今なら2時間のお試し清掃(初回お試しプラン)を無料受付中！通常5,000円のところ、交通費も含めて0円！ ↓詳細はピナイのHPをチェック！↓ https://pinay.jp/campaign/202303-1/ =========================  主宰・岩井の書籍『猛虎を束ねる主宰論』 Amazon.co.jpにて販売中！ https://www.amazon.co.jp/dp/4865901663  令和の虎 主宰 岩井良明からの最新情報は公式Xをチェック  【X】https://twitter.com/reiwanotoraiwai   チャンネル登録はこちら 令和の虎 CHANNEL  http://www.youtube.com/channel/UCTyKZzmKi95wxmCg9rU-j6Q?sub_confirmation=1  青い令和の虎 CHANNEL https://www.youtube.com/channel/UCt7ROfC-kIfRFx7yl4WLMjg  イエローキャブチャンネル  https://youtube.com/channel/UCf_rMZhRlAdIkMxOpzGrxuw  制作:株式会社 Suneight https://suneight.co.jp/ ナレーター：岡田たかゆき",2025-05-31
【FULL】「絶対にまた騙されるよ｣虎が警鐘を鳴らす｡夢のある若者が輝ける監禁リアリティショーを作りたい【春日 はな】[572人目]令和の虎,https://www.youtube.com/watch?v=GcZHqv0LR7U,1007804,7160,2630,春日さんの情報はこちら https://www.instagram.com/haruhihana_1015?igsh=aXFxdmdqd2xxNHBv&utm_source=qr https://lin.ee/dmSeliy  ★「青い令和の虎 CHANNEL（旧：受験生版TigerFunding）」加盟申込フォームはこちら https://forms.gle/BY97Az8o7Q7jBct46  ★○○版 令和の虎 出演者募集中! お申し込みはこちらのサイトから  https://toramjshukatsu.wixsite.com/tigerfunding   「令和の虎」に関わりたい方大募集!  応募フォームはこちら:https://forms.gle/5GuqCTPNC5gTeLTF9   オンラインサロン「令和の虎ファンクラブ」(有料)へのご入会はこちら  https://monolith-j.com/fanclub/   ★リライブシャツ佐々木さんの一本流し傑作選はこちら  https://youtu.be/wWHq9ZXbA_s  ★リライブシャツの購入ぺージはこちら  https://reiwanotora.myshopify.com/collections/%E5%95%86%E5%93%81   ★実はモノリスジャパンって広告会社なんです。 ▽尖った広報ブランディングをお求めの方はコチラ！ 令和の虎たちが推奨！その理由は：https://monolith-j.com/reitora/special/advertisement/ HP：https://monolith-j.com/ 制作実績集：https://monolith-j.com/works/  イエローキャブへの加盟に関するお問い合わせはこちら  https://yellowcab.jp/franchise/   TikTok はこちら https://www.tiktok.com/@reiwanotora?_t=8ZwKsoHG8P4&_r=1   切り抜き動画の応募フォームはこちら 令和の虎 CHANNEL:https://forms.gle/cGD9m7wJ6e7LSarTA 青い令和の虎 CHANNEL: https://docs.google.com/forms/d/e/1FAIpQLSdQUjp6cX2B11CJ_xSd8_hp1bRLqAdVAmMlaRWWzGxtFlQjqg/viewform  虎の子応援 ECサイトはこちら  https://h-soya.wixsite.com/reiwanotora   『令和の虎』出演者募集中  令和の虎からの出資を受けて、事業を本格展開したい勇気ある志願者、大募集中!  【※現在、虎の募集は行っておりません。】   出演オファーは審査の上、ご連絡いたします。  志願者の応募はこちら  https://docs.google.com/forms/d/e/1FAIpQLSecdIpHvmGZwDKqcFI4rL6cZq5WT6cpGzS7z0Z63FkL-0Tqaw/viewform  【※現在、志願者の応募はこちらのフォームのみの受付となっております。  メールにて志願者の応募をいただいても、お受けできない場合がございます。ご了承ください。】    ★令和の虎 ドラゴン細井 （AMASORA CLINIC 院長） 【ドラゴン細井featアマソラクリニックch】https://www.youtube.com/channel/UCvKk23twpijvqlzhSWreySg/featured 【Instagram】https://www.instagram.com/ryuhosoi/ 【Twitter】https://twitter.com/dragonhosoi?ref_src=twsrc%5Egoogle%7Ctwcamp%5Eserp%7Ctwgr%5Eauthor  木下 博勝 (さいたま新都心ジャガークリニック理事長 鎌倉女子大学 教授) 【HP】https://saitamajaguar.com 【Youtube】https://youtube.com/channel/UCPyYz4M7CKkCs0ZENqQAR0A 【Instagram】https://instagram.com/hirokatsu_kinoshita?igshid=NTc4MTIwNjQ2YQ==  青笹 寛史/あお （アズール株式会社  代表 動画編集CAMP 主催） 【Twitter】https://twitter.com/aotech6?s=20 【YouTube】https://www.youtube.com/channel/UCgJzj2R9zPaTj6LR1fh8LvA 【動画編集CAMP】https://camp-skill.com/movie-reiwanotora/  稲葉 信 （株式会社ネルプ 代表取締役） 【稲葉信の虎イch】https://youtube.com/@inabashin_try 【iステップのご案内】https://istep.click/ 【稲葉信のInstagram】https://www.instagram.com/inaba_shin_/  山澤　礼明 （株式会社FIT PLACE 代表取締役社長 株式会社REYS代表取締役社長） 【Instagram】https://www.instagram.com/rey.yamasawa/ 【Twitter】https://twitter.com/YamasawaRey 【Youtube】https://www.youtube.com/@YAMASAWA  ♦︎司会：雫石将克 (フリーアナウンサー) 【Instagram】https://www.instagram.com/shizukuishi_820/ 【YouTube】https://youtube.com/@SHIZUKUISHIch 【所属事務所】https://sync-cm.jp/managements/   講演会に岩井良明がお邪魔します  岩井良明による講演会も随時、実施します!  就活、若者、教育、日本の未来...岩井による講演会を ご希望の方は以下のメールアドレスまでご連絡ください。  tora@monolith-j.com   主宰・岩井の書籍『猛虎を束ねる主宰論』 Amazon.co.jpにて販売中！ https://www.amazon.co.jp/dp/4865901663  令和の虎 主宰 岩井良明からの最新情報は公式Xをチェック  【X】https://twitter.com/reiwanotoraiwai   チャンネル登録はこちら 令和の虎 CHANNEL  http://www.youtube.com/channel/UCTyKZzmKi95wxmCg9rU-j6Q?sub_confirmation=1  青い令和の虎 CHANNEL https://www.youtube.com/channel/UCt7ROfC-kIfRFx7yl4WLMjg  イエローキャブチャンネル  https://youtube.com/channel/UCf_rMZhRlAdIkMxOpzGrxuw  制作:株式会社 Suneight https://suneight.co.jp/ ナレーター：岡田たかゆき,2025-05-31
【前編】堀江貴文が志願者として虎に挑む｡エクソソーム配合オールインワンゲル｢SUIT｣で肌に投資を【堀江 貴文】[29人目]通販版令和の虎,https://www.youtube.com/watch?v=pz2OsjIZzAY,1731989,13281,1226,通販版後編の動画は @tsuuhannotora  にて配信中！ 後編の動画はこちら：https://youtu.be/fDUgT6YrYOg  ★堀江 貴文さんの情報はこちら 【YouTube】https://www.youtube.com/@takaponjp 【Twitter】https://twitter.com/takapon_jp 【Instagram】https://www.instagram.com/takapon_jp/  ●桑田社長と働きたい方はコチラ https://kuwata-recruit.com/?utm_source=youtube&utm_medium=reiwa  ●通販の虎ECサイトはこちら https://tsuhan-tora.com  ●通販の虎公式LINEを作りました！ ＞＞志願者の期間限定企画などお得な情報をお届け https://lin.ee/SHURDzI  ●通販の虎LINEスタンプも作っちゃいました！ https://line.me/S/sticker/26374269  卸の虎サイトオープンしました！！ 商品仕入れについてのお問い合わせはコチラから！！ https://oroshi-tora.com/  - 通販版 令和の虎 ルール説明 - ・志願者は「通販の虎サイト」への掲載権を勝ち取るため、自身の商品をプレゼンする。 ・各虎の最終決断は『〇〇個購入&通販の虎サイト掲載』『通販の虎サロン3ヶ月お試し入会』『ごめんなさい』の3つ。 ・各虎が購入を提示した場合、最終判断に関係なく商品を販売できる。 ・5枠の虎の最終判断により、「通販の虎サイト」への掲載が決定される。  ★「青い令和の虎CHANNEL（旧：受験生版TigerFunding）」加盟申込フォームはこちら https://forms.gle/BY97Az8o7Q7jBct46  ★○○版 令和の虎 出演者募集中! お申し込みはこちらのサイトから  https://toramjshukatsu.wixsite.com/tigerfunding   「令和の虎」に関わりたい方大募集!  応募フォームはこちら:https://forms.gle/5GuqCTPNC5gTeLTF9   オンラインサロン「令和の虎ファンクラブ」(有料)へのご入会はこちら  https://monolith-j.com/fanclub/   ★リライブシャツ佐々木さんの一本流し傑作選はこちら  https://youtu.be/wWHq9ZXbA_s  ★リライブシャツの購入ぺージはこちら  https://reiwanotora.myshopify.com/collections/%E5%95%86%E5%93%81   ★実はモノリスジャパンって広告会社なんです。 ▽尖った広報ブランディングをお求めの方はコチラ！ HP：https://monolith-j.com/ 制作実績集：https://monolith-j.com/works/  イエローキャブへの加盟に関するお問い合わせはこちら  https://yellowcab.jp/franchise/   TikTok はこちら 令和の虎 CHANNEL:https://www.tiktok.com/@reiwanotora?_t=8ZwKsoHG8P4&_r=1  受験生版 Tiger Funding:https://www.tiktok.com/@jukenseibantf?_t=8ZwKuh5jdek&_r=1   切り抜き動画の応募フォームはこちら 令和の虎 CHANNEL:https://forms.gle/cGD9m7wJ6e7LSarTA 受験生版 Tiger Funding: https://docs.google.com/forms/d/e/1FAIpQLSdQUjp6cX2B11CJ_xSd8_hp1bRLqAdVAmMlaRWWzGxtFlQjqg/viewform  虎の子応援 ECサイトはこちら  https://h-soya.wixsite.com/reiwanotora   『令和の虎』出演者募集中  令和の虎からの出資を受けて、事業を本格展開したい勇気ある志願者、大募集中!  【※現在、虎の募集は行っておりません。】   出演オファーは審査の上、ご連絡いたします。  志願者の応募はこちら  https://docs.google.com/forms/d/e/1FAIpQLSecdIpHvmGZwDKqcFI4rL6cZq5WT6cpGzS7z0Z63FkL-0Tqaw/viewform  【※現在、志願者の応募はこちらのフォームのみの受付となっております。  メールにて志願者の応募をいただいても、お受けできない場合がございます。ご了承ください。】   『受験生版 TigerFunding』出演者募集中 受験生版 Tiger Funding からの出資を受けて、 志望校合格を目指す勇気ある志願者、大募集中 ！  志願者応募フォームはこちら  https://forms.gle/Qi4zVUKJRS9Yo6aY7 【※現在、虎の募集は行っておりません。】  ★令和の虎 井口智明 （株式会社ディアローグホールディングス 代表取締役） 【木曽山人チャンネル】https://youtube.com/@user-wn9dx1qw9r 【駒ケ岳の雪解け水を使用したシャンプー販売 DEAR/LOGUE COSMETICS】https://dear-logue-cosme.com/ 【Twitterで木曽駒冷水公園開発や様々な情報発信しています】@kisoyamabito https://twitter.com/kisoyamabito?t=CTo4GxBud2N4Nuc6zPSaJQ&s=09  林尚弘 （株式会社癒し〜ぷ代表 株式会社FCチャンネル代表取締役） 【フランチャイズチャンネル】https://www.youtube.com/channel/UCXVW9P_uDdOtWA1DeeliNTA 【株式会社FCチャンネル】https://fcch.co.jp  桑田龍征 （NEW GENERATION GROUP オーナー） 【桑田龍征の心が折れそぅ】https://youtube.com/channel/UCtEm8GdvsJ3iDFqobrfXk2Q 【Twitter】https://mobile.twitter.com/ryu_pi_110 【NEW GENERATION GROUP公式サイト】https://bit.ly/3ATjuiW  青笹寛史 （アズール株式会社代表） 【Twitter】https://twitter.com/aotech6?s=20 【YouTube】 @aotech6  【公式LINE】https://landing.lineml.jp/r/165373704...  細井龍 （AMASORA CLINIC 院長） 【医学部受験 MEDUCATE TV】@meducatetv7203    【ドラゴン細井featアマソラクリニックch】 @dragon_amasora  【Twitter】https://twitter.com/dragonhosoi?ref_s...  ♦︎司会：雫石将克 (フリーアナウンサー) 【Instagram】https://www.instagram.com/shizukuishi_820/ 【YouTube】https://youtube.com/@SHIZUKUISHIch 【所属事務所】https://sync-cm.jp/managements/  講演会に岩井良明がお邪魔します  岩井良明による講演会も随時、実施します!  就活、若者、教育、日本の未来...岩井による講演会を ご希望の方は以下のメールアドレスまでご連絡ください。  tora@monolith-j.com   主宰・岩井の書籍『猛虎を束ねる主宰論』 Amazon.co.jpにて販売中！ https://www.amazon.co.jp/dp/4865901663  令和の虎 主宰 岩井良明からの最新情報は公式Xをチェック  【X】https://twitter.com/reiwanotoraiwai   チャンネル登録はこちら 令和の虎 CHANNEL  http://www.youtube.com/channel/UCTyKZzmKi95wxmCg9rU-j6Q?sub_confirmation=1  受験生版 Tiger Funding https://www.youtube.com/channel/UCt7ROfC-kIfRFx7yl4WLMjg  イエローキャブチャンネル  https://youtube.com/channel/UCf_rMZhRlAdIkMxOpzGrxuw  制作:株式会社 Suneight https://suneight.co.jp/ ナレーター：岡田たかゆき,2025-05-31
【FULL】｢イラつくんだよ｣ドラゴン細井の猛攻に男は… 新しい治療法｢緩消法®｣で体の痛みに苦しむ人を救いたい【坂戸 孝志】[563人目]令和の虎,https://www.youtube.com/watch?v=x10k6SgVK7o,1545056,8666,2525,坂戸さんの情報はこちら 【YouTube】　https://www.youtube.com/@kanshoho-ch 【公式】　https://www.471203.com/  ★「青い令和の虎CHANNEL（旧：受験生版TigerFunding）」加盟申込フォームはこちら https://forms.gle/BY97Az8o7Q7jBct46  ★○○版 令和の虎 出演者募集中! お申し込みはこちらのサイトから  https://toramjshukatsu.wixsite.com/tigerfunding   「令和の虎」に関わりたい方大募集!  応募フォームはこちら:https://forms.gle/5GuqCTPNC5gTeLTF9   オンラインサロン「令和の虎ファンクラブ」(有料)へのご入会はこちら  https://monolith-j.com/fanclub/   ★リライブシャツ佐々木さんの一本流し傑作選はこちら  https://youtu.be/wWHq9ZXbA_s  ★リライブシャツの購入ぺージはこちら  https://reiwanotora.myshopify.com/collections/%E5%95%86%E5%93%81   ★実はモノリスジャパンって広告会社なんです。 ▽尖った広報ブランディングをお求めの方はコチラ！ HP：https://monolith-j.com/ 制作実績集：https://monolith-j.com/works/  イエローキャブへの加盟に関するお問い合わせはこちら  https://yellowcab.jp/franchise/   TikTok はこちら 令和の虎 CHANNEL:https://www.tiktok.com/@reiwanotora?_t=8ZwKsoHG8P4&_r=1  受験生版 Tiger Funding:https://www.tiktok.com/@jukenseibantf?_t=8ZwKuh5jdek&_r=1   切り抜き動画の応募フォームはこちら 令和の虎 CHANNEL:https://forms.gle/cGD9m7wJ6e7LSarTA 受験生版 Tiger Funding: https://docs.google.com/forms/d/e/1FAIpQLSdQUjp6cX2B11CJ_xSd8_hp1bRLqAdVAmMlaRWWzGxtFlQjqg/viewform  虎の子応援 ECサイトはこちら  https://h-soya.wixsite.com/reiwanotora   『令和の虎』出演者募集中  令和の虎からの出資を受けて、事業を本格展開したい勇気ある志願者、大募集中!  【※現在、虎の募集は行っておりません。】   出演オファーは審査の上、ご連絡いたします。  志願者の応募はこちら  https://docs.google.com/forms/d/e/1FAIpQLSecdIpHvmGZwDKqcFI4rL6cZq5WT6cpGzS7z0Z63FkL-0Tqaw/viewform  【※現在、志願者の応募はこちらのフォームのみの受付となっております。  メールにて志願者の応募をいただいても、お受けできない場合がございます。ご了承ください。】   『受験生版 TigerFunding』出演者募集中 受験生版 Tiger Funding からの出資を受けて、 志望校合格を目指す勇気ある志願者、大募集中 ！  志願者応募フォームはこちら  https://forms.gle/Qi4zVUKJRS9Yo6aY7 【※現在、虎の募集は行っておりません。】  ★令和の虎 ドラゴン細井 （AMASORA CLINIC 院長） 【ドラゴン細井featアマソラクリニックch】https://www.youtube.com/channel/UCvKk23twpijvqlzhSWreySg/featured 【Instagram】https://www.instagram.com/ryuhosoi/ 【Twitter】https://twitter.com/dragonhosoi?ref_src=twsrc%5Egoogle%7Ctwcamp%5Eserp%7Ctwgr%5Eauthor  安藤功一郎 （GA technologies (Thailand) RENOSY (Thailand) 代表取締役CEO） 【タイ駐在チャンネル】https://www.youtube.com/channel/UCi6uZ1tBYDRZP3fjlIWgzQg 【会社公式HP】https://www.ga-tech.co.jp/ 【Twitter】https://twitter.com/andoreiwanotora  青笹 寛史/あお （アズール株式会社  代表 動画編集CAMP 主催） 【Twitter】https://twitter.com/aotech6?s=20 【YouTube】https://www.youtube.com/channel/UCgJzj2R9zPaTj6LR1fh8LvA 【動画編集CAMP】https://camp-skill.com/movie-reiwanotora/  荒木杏奈 （アンナアドバイザーズ株式会社 代表） 【アンナアドバイザーズ株式会社HP】https://www.anna-advisors.com/ 【YouTube『アンナ社長』カンボジアンナ】https://www.youtube.com/channel/UCjfX5hAeVP9l_wyvu0ozQ2g 【海外不動産のポータルサイトアセットオーシャン】https://asset-ocean.com/  谷本吉紹 （株式会社エースタイル 代表取締役） 【YouTube】https://youtube.com/c/tanimotoke 【Twitter】https://twitter.com/kaigo_akaruku?s=21&t=Mhdd7tvaEiWETRIprybFbw 【HP】https://tanimotoke.jp  ♦︎司会：雫石将克 (フリーアナウンサー) 【Instagram】https://www.instagram.com/shizukuishi_820/ 【YouTube】https://youtube.com/@SHIZUKUISHIch 【所属事務所】https://sync-cm.jp/managements/   講演会に岩井良明がお邪魔します  岩井良明による講演会も随時、実施します!  就活、若者、教育、日本の未来...岩井による講演会を ご希望の方は以下のメールアドレスまでご連絡ください。  tora@monolith-j.com   主宰・岩井の書籍『猛虎を束ねる主宰論』 Amazon.co.jpにて販売中！ https://www.amazon.co.jp/dp/4865901663  令和の虎 主宰 岩井良明からの最新情報は公式Xをチェック  【X】https://twitter.com/reiwanotoraiwai   チャンネル登録はこちら 令和の虎 CHANNEL  http://www.youtube.com/channel/UCTyKZzmKi95wxmCg9rU-j6Q?sub_confirmation=1  受験生版 Tiger Funding https://www.youtube.com/channel/UCt7ROfC-kIfRFx7yl4WLMjg  イエローキャブチャンネル  https://youtube.com/channel/UCf_rMZhRlAdIkMxOpzGrxuw  制作:株式会社 Suneight https://suneight.co.jp/ ナレーター:岡田たかゆき,2025-05-31
【FULL】｢クソですね｣虎の猛攻が始まる｡故人と会話ができるAI仏壇サービスを作りたい【平田 茉莉花】[560人目]令和の虎,https://www.youtube.com/watch?v=Nl42axgnPGc,1588331,13207,6212,★平田さんの情報はこちら 【ホームページ】https://www.limerence.co.jp/ 【SNS】https://www.tiktok.com/@marikanosugata?_t=8lz62qGEI4u&_r=1  ★○○版 令和の虎 出演者募集中! お申し込みはこちらのサイトから  https://toramjshukatsu.wixsite.com/tigerfunding   「令和の虎」に関わりたい方大募集!  応募フォームはこちら:https://forms.gle/5GuqCTPNC5gTeLTF9   オンラインサロン「令和の虎ファンクラブ」(有料)へのご入会はこちら  https://monolith-j.com/fanclub/   ★リライブシャツ佐々木さんの一本流し傑作選はこちら  https://youtu.be/wWHq9ZXbA_s  ★リライブシャツの購入ぺージはこちら  https://reiwanotora.myshopify.com/collections/%E5%95%86%E5%93%81   ★実はモノリスジャパンって広告会社なんです。 ▽尖った広報ブランディングをお求めの方はコチラ！ HP：https://monolith-j.com/ 制作実績集：https://monolith-j.com/works/  イエローキャブへの加盟に関するお問い合わせはこちら  https://yellowcab.jp/franchise/   TikTok はこちら 令和の虎 CHANNEL:https://www.tiktok.com/@reiwanotora?_t=8ZwKsoHG8P4&_r=1  受験生版 Tiger Funding:https://www.tiktok.com/@jukenseibantf?_t=8ZwKuh5jdek&_r=1   切り抜き動画の応募フォームはこちら 令和の虎 CHANNEL:https://forms.gle/cGD9m7wJ6e7LSarTA 受験生版 Tiger Funding: https://docs.google.com/forms/d/e/1FAIpQLSdQUjp6cX2B11CJ_xSd8_hp1bRLqAdVAmMlaRWWzGxtFlQjqg/viewform  虎の子応援 ECサイトはこちら  https://h-soya.wixsite.com/reiwanotora   『令和の虎』出演者募集中  令和の虎からの出資を受けて、事業を本格展開したい勇気ある志願者、大募集中!  【※現在、虎の募集は行っておりません。】   出演オファーは審査の上、ご連絡いたします。  志願者の応募はこちら  https://docs.google.com/forms/d/e/1FAIpQLSecdIpHvmGZwDKqcFI4rL6cZq5WT6cpGzS7z0Z63FkL-0Tqaw/viewform  【※現在、志願者の応募はこちらのフォームのみの受付となっております。  メールにて志願者の応募をいただいても、お受けできない場合がございます。ご了承ください。】   『受験生版 TigerFunding』出演者募集中 受験生版 Tiger Funding からの出資を受けて、 志望校合格を目指す勇気ある志願者、大募集中 ！  志願者応募フォームはこちら  https://forms.gle/Qi4zVUKJRS9Yo6aY7 【※現在、虎の募集は行っておりません。】  ★令和の虎 ドラゴン細井 （AMASORA CLINIC 院長） 【ドラゴン細井featアマソラクリニックch】https://www.youtube.com/channel/UCvKk23twpijvqlzhSWreySg/featured 【Instagram】https://www.instagram.com/ryuhosoi/ 【Twitter】https://twitter.com/dragonhosoi?ref_src=twsrc%5Egoogle%7Ctwcamp%5Eserp%7Ctwgr%5Eauthor  木下 博勝 (さいたま新都心ジャガークリニック 理事長 鎌倉女子大学 教授) 【HP】https://saitamajaguar.com 【Youtube】https://youtube.com/channel/UCPyYz4M7CKkCs0ZENqQAR0A 【Instagram】https://instagram.com/hirokatsu_kinoshita?igshid=NTc4MTIwNjQ2YQ==  竹内亢一 （株式会社Suneight 代表取締役） 【竹内亢一Twitter】https://twitter.com/suneight_ceo 【竹内亢一TikTok】https://www.tiktok.com/@suneight.ceo?lang=ja-JP 【竹内亢一Instagram】https://instagram.com/suneight_ceo?utm_medium=copy_link  青笹 寛史/あお （アズール株式会社  代表 動画編集CAMP 主催） 【Twitter】https://twitter.com/aotech6?s=20 【YouTube】https://www.youtube.com/channel/UCgJzj2R9zPaTj6LR1fh8LvA 【動画編集CAMP】https://camp-skill.com/movie-reiwanotora/  荒木杏奈 （アンナアドバイザーズ株式会社 代表） 【アンナアドバイザーズ株式会社HP】https://www.anna-advisors.com/ 【YouTube『アンナ社長』カンボジアンナ】https://www.youtube.com/channel/UCjfX5hAeVP9l_wyvu0ozQ2g 【海外不動産のポータルサイトアセットオーシャン】https://asset-ocean.com/  ♦︎司会：雫石将克 (フリーアナウンサー) 【Instagram】https://www.instagram.com/shizukuishi_820/ 【YouTube】https://youtube.com/@SHIZUKUISHIch 【所属事務所】https://sync-cm.jp/managements/   講演会に岩井良明がお邪魔します  岩井良明による講演会も随時、実施します!  就活、若者、教育、日本の未来...岩井による講演会を ご希望の方は以下のメールアドレスまでご連絡ください。  tora@monolith-j.com   主宰・岩井の書籍『猛虎を束ねる主宰論』 Amazon.co.jpにて販売中！ https://www.amazon.co.jp/dp/4865901663  令和の虎 主宰 岩井良明からの最新情報は公式Xをチェック  【X】https://twitter.com/reiwanotoraiwai   チャンネル登録はこちら 令和の虎 CHANNEL  http://www.youtube.com/channel/UCTyKZzmKi95wxmCg9rU-j6Q?sub_confirmation=1  受験生版 Tiger Funding https://www.youtube.com/channel/UCt7ROfC-kIfRFx7yl4WLMjg  イエローキャブチャンネル  https://youtube.com/channel/UCf_rMZhRlAdIkMxOpzGrxuw  制作:株式会社 Suneight https://suneight.co.jp/ ナレーター:岡田たかゆき,2025-05-31
【FULL】｢アカンこの人｣虎が感じる理由とは…。光水素カプセルを開発し全国展開したい【平野 剛】[517人目]令和の虎,https://www.youtube.com/watch?v=dSpjKBoUiC8,1258727,6621,1485,平野さんの情報はこちら 【HP】https://www.air-press.com/ 【Instagram】https://www.instagram.com/airpress_official/  ★○○版 Tiger Funding 出演者募集中! お申し込みはこちらのサイトから  https://toramjshukatsu.wixsite.com/tigerfunding   「令和の虎」に関わりたい方大募集!  応募フォームはこちら:https://forms.gle/5GuqCTPNC5gTeLTF9   オンラインサロン「令和の虎ファンクラブ」(有料)へのご入会はこちら  https://monolith-j.com/fanclub/   ★リライブシャツ佐々木さんの一本流し傑作選はこちら  https://youtu.be/wWHq9ZXbA_s   ★リライブシャツの購入ぺージはこちら  https://reiwanotora.myshopify.com/collections/%E5%95%86%E5%93%81   イエローキャブへの加盟に関するお問い合わせはこちら  https://yellowcab.jp/franchise/   TikTok はこちら 令和の虎 CHANNEL:https://www.tiktok.com/@reiwanotora?_t=8ZwKsoHG8P4&_r=1  受験生版 Tiger Funding:https://www.tiktok.com/@jukenseibantf?_t=8ZwKuh5jdek&_r=1   切り抜き動画の応募フォームはこちら 令和の虎 CHANNEL:https://forms.gle/cGD9m7wJ6e7LSarTA 受験生版 Tiger Funding: https://docs.google.com/forms/d/e/1FAIpQLSdQUjp6cX2B11CJ_xSd8_hp1bRLqAdVAmMlaRWWzGxtFlQjqg/viewform  虎の子応援 EC サイトはこちら  https://h-soya.wixsite.com/reiwanotora   虎とランチができる「昼虎」の情報はこちら  https://hirudora.jp/   『令和の虎』出演者募集中  Tiger Funding からの出資を受けて、事業を本格展開したい勇気ある志願者、大募集中!  【※現在、虎の募集は行っておりません。】   出演オファーは審査の上、ご連絡いたします。  志願者の応募はこちら  https://docs.google.com/forms/d/e/1FAIpQLSecdIpHvmGZwDKqcFI4rL6cZq5WT6cpGzS7z0Z63FkL-0Tqaw/viewform  【※現在、志願者の応募はこちらのフォームのみの受付となっております。  メールにて志願者の応募をいただいても、お受けできない場合がございます。ご了承くださ い。】   『受験生版 TigerFunding』出演者募集中受験生版 Tiger Funding からの出資を受けて、志望校合格を目指す勇気ある志願者、大募集中   志願者応募フォームはこちら  https://forms.gle/Qi4zVUKJRS9Yo6aY7  【※現在、虎の募集は行っておりません。】  ★Tiger Funding トモハッピー (株式会社カードン 会長 株式会社ハッピー商店 社長) 【トモハッピー】https://www.youtube.com/channel/UCs9qQmAfeQzd1PuuwgHV_hw 【トモハッピーの自由奔放】https://youtube.com/@Tomohappy2 【Twitter】https://twitter.com/TomoharuSaito  ドラゴン細井 (AMASORA CLINIC 院長) 【ドラゴン細井featアマソラクリニックch】https://www.youtube.com/channel/UCvKk23twpijvqlzhSWreySg/featured 【Instagram】https://www.instagram.com/ryuhosoi/ 【Twitter】https://twitter.com/dragonhosoi?ref_src=twsrc%5Egoogle%7Ctwcamp%5Eserp%7Ctwgr%5Eauthor  青笹 寛史/あお (アズール株式会社  代表 動画編集CAMP 主催) 【Twitter】https://twitter.com/aotech6?s=20 【YouTube】https://www.youtube.com/channel/UCgJzj2R9zPaTj6LR1fh8LvA 【動画編集CAMP】https://camp-skill.com/movie-reiwanotora/  谷本吉紹 (株式会社エースタイル 代表取締役) 【YouTube】https://youtube.com/c/tanimotoke 【Twitter】https://twitter.com/kaigo_akaruku?s=21&t=Mhdd7tvaEiWETRIprybFbw 【HP】https://tanimotoke.jp  ★司会 雫石将克 (フリーアナウンサー) ◾【Instagram】 → https://www.instagram.com/shizukuishi_820/ ◾【YouTube】 → https://youtube.com/@SHIZUKUISHIch ◾【所属事務所】 → https://sync-cm.jp/managements/  講演会に岩井良明がお邪魔します  岩井良明による講演会も随時、実施します!  就活、若者、教育、日本の未来...岩井による講演会を ご希望の方は以下のメールアドレスまでご連絡ください。  tora@monolith-j.com   岩井良明 初の単著『令和の虎 人生は All or Nothing』  Amazon.co.jp にて発売中!  https://www.amazon.co.jp/dp/4801494021/   Tiger Funding 主宰 岩井良明からの最新情報は Twitter をチェック  【Twitter】https://twitter.com/reiwanotoraiwai   チャンネル登録はこちら 令和の虎 CHANNEL  http://www.youtube.com/channel/UCTyKZzmKi95wxmCg9rU-j6Q?sub_confirmation=1  受験生版 Tiger Funding https://www.youtube.com/channel/UCt7ROfC-kIfRFx7yl4WLMjg  イエローキャブチャンネル  https://youtube.com/channel/UCf_rMZhRlAdIkMxOpzGrxuw  制作:株式会社 Suneight https://suneight.co.jp/ ナレーター:岡田たかゆき,2025-05-31
【前編】時の人として世間を賑わせている男の挑戦。ユウスケホンダ党を設立し、お金・地位・名誉を得たい【本田 裕典】[005人目]リベンジ版Tiger Funding,https://www.youtube.com/watch?v=1g-zCEN31M8,5833320,46545,9636,本田さんの後編の動画は@tetsuyamoteki にて配信中！ 後編の動画はこちら：https://youtu.be/z0KDiXHASfo  本田さんの情報はこちら 【SNS一覧】https://instabio.cc/yusukeland55 【X(旧Twitter)】https://twitter.com/yusukeland55/  本田さんの配信回はこちら https://www.youtube.com/playlist?list=PLHXb8ukibFqyCFf-aRXE7Fd82CsBuOLQ3  ★○○版Tiger Funding出演者募集中！ お申し込みはこちらのサイトから https://toramjshukatsu.wixsite.com/tigerfunding  「令和の虎」に関わりたい方大募集！ 応募フォームはこちら：https://forms.gle/5GuqCTPNC5gTeLTF9  オンラインサロン「令和の虎ファンクラブ」(有料)へのご入会はこちら https://monolith-j.com/fanclub/  TikTokはこちら 令和の虎CHANNEL：https://www.tiktok.com/@reiwanotora?_t=8ZwKsoHG8P4&_r=1 受験生版Tiger Funding：https://www.tiktok.com/@jukenseibantf?_t=8ZwKuh5jdek&_r=1  切り抜き動画の応募フォームはこちら 令和の虎CHANNEL：https://forms.gle/cGD9m7wJ6e7LSarTA 受験生版Tiger Funding：https://docs.google.com/forms/d/e/1FAIpQLSdQUjp6cX2B11CJ_xSd8_hp1bRLqAdVAmMlaRWWzGxtFlQjqg/viewform  虎の子応援ECサイトはこちら https://h-soya.wixsite.com/reiwanotora  虎とランチができる「昼虎」の情報はこちら https://hirudora.jp/  『受験生版TigerFunding』出演者募集中 受験生版Tiger Fundingからの出資を受けて、志望校合格を目指す勇気ある志願者、大募集中 【※現在、虎の募集は行っておりません。】  志願者応募フォームはこちら https://forms.gle/Qi4zVUKJRS9Yo6aY7  『令和の虎』出演者募集中 Tiger Fundingからの出資を受けて、事業を本格展開したい勇気ある志願者、大募集中！ 【※現在、虎の募集は行っておりません。】  出演オファーは審査の上、ご連絡いたします。  志願者の応募はこちら https://docs.google.com/forms/d/e/1FAIpQLSecdIpHvmGZwDKqcFI4rL6cZq5WT6cpGzS7z0Z63FkL-0Tqaw/viewform  【※現在、志願者の応募はこちらのフォームのみの受付となっております。 メールにて志願者の応募をいただいても、お受けできない場合がございます。ご了承ください。】  ★Tiger  Funding 林尚弘 (株式会社癒し～ぷ 代表 株式会社FCチャンネル 代表取締役) 【フランチャイズチャンネル】https://www.youtube.com/channel/UCXVW9P_uDdOtWA1DeeliNTA 【株式会社FCチャンネル】https://fcch.co.jp  ドラゴン細井 (AMASORA CLINIC 院長) 【ドラゴン細井featアマソラクリニックch】https://www.youtube.com/channel/UCvKk23twpijvqlzhSWreySg/featured 【Instagram】https://www.instagram.com/ryuhosoi/ 【Twitter】https://twitter.com/dragonhosoi?ref_src=twsrc%5Egoogle%7Ctwcamp%5Eserp%7Ctwgr%5Eauthor  青笹 寛史/あお (アズール株式会社  代表 動画編集CAMP 主催) 【Twitter】https://twitter.com/aotech6?s=20 【YouTube】https://www.youtube.com/channel/UCgJzj2R9zPaTj6LR1fh8LvA 【動画編集CAMP】https://camp-skill.com/movie-reiwanotora/  谷本吉紹 (株式会社エースタイル 代表取締役) 【YouTube】https://youtube.com/c/tanimotoke 【Twitter】https://twitter.com/kaigo_akaruku?s=21&t=Mhdd7tvaEiWETRIprybFbw 【HP】https://tanimotoke.jp  宮本 聖菜 (ecxia株式会社 代表取締役) 【ホームページ】https://ecxia-inc.com/ 【YouTube】https://youtube.com/@sena-ecxia 【Instagram】https://instagram.com/sena_ecxia?igshid=YmMyMTA2M2Y=  ★司会 茂木哲也 (株式会社ピナイ・インターナショナル 代表) 【ピナイ家事代行サービスHP】https://pinay.jp/ 【茂木哲也X(旧Twitter)】https://twitter.com/tetsuyamoteki 【ピナイ茂木チャンネル】https://www.youtube.com/@tetsuyamoteki  講演会に岩井良明がお邪魔します 岩井良明による講演会も随時、実施します！ 就活、若者、教育、日本の未来…岩井による講演会をご希望の方は以下のメールアドレスまでご連絡ください。 tora@monolith-j.com  岩井良明 初の単著『令和の虎 人生はAll or Nothing』 Amazon.co.jpにて発売中！ https://www.amazon.co.jp/dp/4801494021/  Tiger Funding主宰 岩井良明からの最新情報はTwitterをチェック 【Twitter】https://twitter.com/reiwanotoraiwai  チャンネル登録はこちら 令和の虎CHANNEL http://www.youtube.com/channel/UCTyKZzmKi95wxmCg9rU-j6Q?sub_confirmation=1 イエローキャブチャンネル https://youtube.com/channel/UCf_rMZhRlAdIkMxOpzGrxuw  制作：株式会社Suneight https://suneight.co.jp/ ナレーター：岡田たかゆき,2025-05-31
若き志願者が虎に挑む...ネタ・醤油が自由な海鮮丼、海鮮丼「侍」を全国展開したい【運営だけが知る隠れた名作選［内田 圭祐］】,https://www.youtube.com/watch?v=pUzEvuwwvMM,209916,840,100,※2022年3月14日〜16日に配信された動画の再配信回のため、一部情報が古いものがございます。  「令虎ラウンジ」の店長を募集中 https://forms.gle/DEGK9T2L8MfaJZPc9  オンラインサロン「令和の虎ファンクラブ」(有料)へのご入会はこちら https://monolith-j.com/fanclub/  TikTokはこちら 令和の虎CHANNEL：https://www.tiktok.com/@reiwanotora?_t=8ZwKsoHG8P4&_r=1 受験生版Tiger Funding：https://www.tiktok.com/@jukenseibantf?_t=8ZwKuh5jdek&_r=1  切り抜き動画の応募フォームはこちら 令和の虎CHANNEL：https://forms.gle/cGD9m7wJ6e7LSarTA 受験生版Tiger Funding：https://docs.google.com/forms/d/e/1FAIpQLSdQUjp6cX2B11CJ_xSd8_hp1bRLqAdVAmMlaRWWzGxtFlQjqg/viewform  虎の子応援ECサイトはこちら https://h-soya.wixsite.com/reiwanotora  虎とランチができる「昼虎」の情報はこちら https://hirudora.jp/  『受験生版TigerFunding』出演者募集中 受験生版Tiger Fundingからの出資を受けて、志望校合格を目指す勇気ある志願者、大募集中  志願者応募フォームはこちら https://forms.gle/Qi4zVUKJRS9Yo6aY7  虎の応募フォームはこちら https://forms.gle/QxLsvhuo5fGFRJ6R7  『令和の虎』出演者募集中 Tiger Fundingからの出資を受けて、事業を本格展開したい勇気ある志願者、大募集中！ 【※現在、虎の募集は行っておりません。】  出演オファーは審査の上、ご連絡いたします。  志願者の応募はこちら https://docs.google.com/forms/d/e/1FAIpQLSecdIpHvmGZwDKqcFI4rL6cZq5WT6cpGzS7z0Z63FkL-0Tqaw/viewform  【※現在、志願者の応募はこちらのフォームのみの受付となっております。 メールにて志願者の応募をいただいても、お受けできない場合がございます。ご了承ください。】  フランチャイズ版Tiger Fundingへのご応募はこちら https://forms.gle/fRbpfePSRHxg9PwZ8  Tiger  Funding 唐沢菜々江 (クラブNanae オーナーママ) 【銀座ななえチャンネル】https://www.youtube.com/channel/UCYLIuZ_k8mb9RJrLqNI5rhA?sub_confirmation=1 【クラブNanae公式HP】http://club-nanae.com/ 【Instagram】https://www.instagram.com/nanae.karasawa/?hl=ja  ドラゴン細井 (AMASORA CLINIC 院長) 【医学部受験 MEDUCATE TV】https://www.youtube.com/channel/UCVxovvfWbiRIrNIJIVr6YFg 【ドラゴン細井featアマソラクリニックch】https://www.youtube.com/channel/UCvKk23twpijvqlzhSWreySg/featured 【Twitter】https://twitter.com/dragonhosoi?ref_src=twsrc%5Egoogle%7Ctwcamp%5Eserp%7Ctwgr%5Eauthor  三浦 哲郎 (トリアイナグループ 会長) 【コーポレートサイト】https://toriaina.com/ 【YouTube】https://www.youtube.com/channel/UCydVChNiewUg4Y_9YXJvk-g 【Instagram】https://www.instagram.com/tetsuchairman/?hl=ja  青笹 寛史 (アズール株式会社  代表 動画編集CAMP 主催) 【Twitter】https://twitter.com/aotech6?s=20 【YouTube】https://www.youtube.com/channel/UCgJzj2R9zPaTj6LR1fh8LvA 【公式LINE】https://landing.lineml.jp/r/1653737044-wQGaRvKm?lp=rmiYvr  辰巳大地 【Twitter 】https://mobile.twitter.com/daichi_tatsumi 【YouTube】https://www.youtube.com/@WakamonoSeikousha  講演会に岩井良明がお邪魔します 岩井良明による講演会も随時、実施します！ 就活、若者、教育、日本の未来…岩井による講演会をご希望の方は以下のメールアドレスまでご連絡ください。 tora@monolith-j.com  岩井良明 初の単著『令和の虎 人生はAll or Nothing』 Amazon.co.jpにて発売中！ https://www.amazon.co.jp/dp/4801494021/  Tiger Funding主宰 岩井良明からの最新情報はTwitterをチェック 【Twitter】https://twitter.com/reiwanotoraiwai  チャンネル登録はこちら 令和の虎CHANNEL http://www.youtube.com/channel/UCTyKZzmKi95wxmCg9rU-j6Q?sub_confirmation=1 イエローキャブチャンネル https://youtube.com/channel/UCf_rMZhRlAdIkMxOpzGrxuw  制作：株式会社Suneight ナレーター：岡田たかゆき,2025-05-31
【後編】出前館創業者が挑戦！犬猫の保護活動を通じて日本再生にチャレンジしたい！【花蜜 幸伸・田中 亜弓】[311人目]令和の虎,https://www.youtube.com/watch?v=WOSEofTlyZQ,863828,11679,848,"★(一口1,000円)ペットの里会員の申込はこちら！ https://pets-sato.net/2-satobito.html  ★花蜜幸伸について https://hanamitsu-official.com  ★花蜜さんの配信回はこちら ・前編：https://youtu.be/CNMYqSIcFqQ ＝＝★＝＝＝＝＝＝＝＝＝＝＝＝＝＝＝＝＝＝＝＝＝＝＝＝＝＝＝＝＝＝＝＝ ★リライブシャツ佐々木さんの一本流し傑作選はこちら https://youtu.be/wWHq9ZXbA_s  ★リライブシャツの購入ぺージはこちら https://reliveshirt.base.shop/ ＝＝＝＝＝＝＝＝＝＝＝＝＝＝＝＝＝＝＝＝＝＝＝＝＝＝＝＝＝＝＝＝★＝＝ ＝＝★＝＝＝＝＝＝＝＝＝＝＝＝＝＝＝＝＝＝＝＝＝＝＝＝＝＝＝＝＝＝＝＝ ★令和の虎新グッズ！『カル虎』の購入はこちらから！ https://h-soya.wixsite.com/reiwanotora  ★虎とランチができる「昼虎」の情報はこちらから！ 【HP】https://hirudora.jp/ ＝＝＝＝＝＝＝＝＝＝＝＝＝＝＝＝＝＝＝＝＝＝＝＝＝＝＝＝＝＝＝＝★＝＝ ＝＝★＝＝＝＝＝＝＝＝＝＝＝＝＝＝＝＝＝＝＝＝＝＝＝＝＝＝＝＝＝＝＝＝ 切り抜き動画の応募フォームはこちらから！ https://forms.gle/cGD9m7wJ6e7LSarTA ＝＝＝＝＝＝＝＝＝＝＝＝＝＝＝＝＝＝＝＝＝＝＝＝＝＝＝＝＝＝＝＝★＝＝ ＝＝★＝＝＝＝＝＝＝＝＝＝＝＝＝＝＝＝＝＝＝＝＝＝＝＝＝＝＝＝＝＝＝＝ 9/1より超絶リニューアル！オンラインサロン「令和の虎ファンクラブ」 (有料)へのご入会はコチラから！ https://monolith-j.com/fanclub/ ＝＝＝＝＝＝＝＝＝＝＝＝＝＝＝＝＝＝＝＝＝＝＝＝＝＝＝＝＝＝＝＝★＝＝ ＝＝★＝＝＝＝＝＝＝＝＝＝＝＝＝＝＝＝＝＝＝＝＝＝＝＝＝＝＝＝＝＝＝＝ ★『令和の虎』出演者募集中！ Tiger Fundingからの出資を受けて、事業を本格展開したい勇気ある志願者、大募集中！ 【※現在、虎の募集は行っておりません。】  出演オファーは審査の上、ご連絡いたします。  ▼志願者の応募はこちら▼ https://docs.google.com/forms/d/e/1FAIpQLSecdIpHvmGZwDKqcFI4rL6cZq5WT6cpGzS7z0Z63FkL-0Tqaw/viewform  【※現在、志願者の応募はこちらのフォームのみの受付となっております。 メールにて志願者の応募をいただいても、お受けできない場合がございます。ご了承ください。】  ★フランチャイズ版Tiger Fundingへのご応募はこちらから！ https://forms.gle/fRbpfePSRHxg9PwZ8  ★受験生版Tiger Fundingのへのご応募はこちらから！ https://forms.gle/Qi4zVUKJRS9Yo6aY7  ★受験生版Tiger Funding「虎」への応募はこちらから！ https://forms.gle/MMMt9GsjX9bmpwLa6 ＝＝★＝＝＝＝＝＝＝＝＝＝＝＝＝＝＝＝＝＝＝＝＝＝＝＝＝＝＝＝＝＝＝＝ 虎の子応援ECサイトはこちら！ https://h-soya.wixsite.com/reiwanotora ＝＝＝＝＝＝＝＝＝＝＝＝＝＝＝＝＝＝＝＝＝＝＝＝＝＝＝＝＝＝＝＝★＝＝ ★Tiger Funding 林尚弘 (株式会社FCチャンネル 代表取締役社長) 【@fc-channel】https://www.youtube.com/channel/UCXVW9P_uDdOtWA1DeeliNTA 【株式会社FCチャンネル】https://fcch.co.jp  桑田龍征 （NEW GENERATION GROUP オーナー） 【@ryu_sei_kuwata】https://www.youtube.com/channel/UCpHFEqzTX3qNNuxp2HvYThQ 【Twitter】https://mobile.twitter.com/ryu_pi_110 【NEW GENERATION GROUP公式サイト】https://bit.ly/3ATjuiW  細井 龍 （医学部受験個別指導塾MEDUCATE塾長） 【@dragon_amasora】https://www.youtube.com/channel/UCVxovvfWbiRIrNIJIVr6YFg 【HP】https://meducate.jp/  青笹 寛史/あお (アズール株式会社  代表・動画編集CAMP 主催) 【Twitter】https://twitter.com/aotech6?s=20 【 @aotech6 】https://www.youtube.com/channel/UCgJzj2R9zPaTj6LR1fh8LvA 【公式LINE】https://landing.lineml.jp/r/1653737044-wQGaRvKm?lp=rmiYvr  島田隆史 (株式会社お客様みなさまおかげさま 代表取締役) 【@ramem.shimayan】https://youtube.com/channel/UCWzGkre-7TJUPn9AGgRuziw 【HP】(株)お客様みなさまおかげさま https://omo-kansha.com/ 【Instagram】https://www.instagram.com/takafumishimada/?hl=ja  ★講演会に岩井良明がお邪魔します 岩井良明による講演会も随時、実施します！ 就活、若者、教育、日本の未来…岩井による講演会をご希望の方は以下のメールアドレスまでご連絡ください。 tora@monolith-j.com  ★岩井良明 初の単著『令和の虎 人生はAll or Nothing』 Amazon.co.jpにて発売中！ https://www.amazon.co.jp/dp/4801494021/  ★Tiger Funding主宰 岩井良明からの最新情報はTwitterをチェック！ 【Twitter】https://twitter.com/reiwanotoraiwai  ★チャンネル登録もよろしくお願いします！！ 【@reiwanotora】 http://www.youtube.com/channel/UCTyKZzmKi95wxmCg9rU-j6Q?sub_confirmation=1  【@_yellowcab】 https://youtube.com/channel/UCf_rMZhRlAdIkMxOpzGrxuw  #令和の虎 #TigerFunding #ビジネス  制作：株式会社Suneight https://suneight.co.jp/ ナレーター：岡田たかゆき",2025-05-31
【前編】出前館創業者が挑戦！犬猫の保護活動を通じて日本再生にチャレンジしたい！【花蜜 幸伸・田中 亜弓】[311人目]令和の虎,https://www.youtube.com/watch?v=CNMYqSIcFqQ,2006234,15722,906,"★(一口1,000円)ペットの里会員の申込はこちら！ https://pets-sato.net/2-satobito.html  ★花蜜幸伸について https://hanamitsu-official.com  ★花蜜さんの配信回はこちら ・後編：https://youtu.be/WOSEofTlyZQ  ＝＝★＝＝＝＝＝＝＝＝＝＝＝＝＝＝＝＝＝＝＝＝＝＝＝＝＝＝＝＝＝＝＝＝ ★リライブシャツ佐々木さんの一本流し傑作選はこちら https://youtu.be/wWHq9ZXbA_s  ★リライブシャツの購入ぺージはこちら https://reliveshirt.base.shop/ ＝＝＝＝＝＝＝＝＝＝＝＝＝＝＝＝＝＝＝＝＝＝＝＝＝＝＝＝＝＝＝＝★＝＝ ＝＝★＝＝＝＝＝＝＝＝＝＝＝＝＝＝＝＝＝＝＝＝＝＝＝＝＝＝＝＝＝＝＝＝ ★令和の虎新グッズ！『カル虎』の購入はこちらから！ https://h-soya.wixsite.com/reiwanotora  ★虎とランチができる「昼虎」の情報はこちらから！ 【HP】https://hirudora.jp/ ＝＝＝＝＝＝＝＝＝＝＝＝＝＝＝＝＝＝＝＝＝＝＝＝＝＝＝＝＝＝＝＝★＝＝ ＝＝★＝＝＝＝＝＝＝＝＝＝＝＝＝＝＝＝＝＝＝＝＝＝＝＝＝＝＝＝＝＝＝＝ 切り抜き動画の応募フォームはこちらから！ https://forms.gle/cGD9m7wJ6e7LSarTA ＝＝＝＝＝＝＝＝＝＝＝＝＝＝＝＝＝＝＝＝＝＝＝＝＝＝＝＝＝＝＝＝★＝＝ ＝＝★＝＝＝＝＝＝＝＝＝＝＝＝＝＝＝＝＝＝＝＝＝＝＝＝＝＝＝＝＝＝＝＝ 9/1より超絶リニューアル！オンラインサロン「令和の虎ファンクラブ」 (有料)へのご入会はコチラから！ https://monolith-j.com/fanclub/ ＝＝＝＝＝＝＝＝＝＝＝＝＝＝＝＝＝＝＝＝＝＝＝＝＝＝＝＝＝＝＝＝★＝＝ ＝＝★＝＝＝＝＝＝＝＝＝＝＝＝＝＝＝＝＝＝＝＝＝＝＝＝＝＝＝＝＝＝＝＝ ★『令和の虎』出演者募集中！ Tiger Fundingからの出資を受けて、事業を本格展開したい勇気ある志願者、大募集中！ 【※現在、虎の募集は行っておりません。】  出演オファーは審査の上、ご連絡いたします。  ▼志願者の応募はこちら▼ https://docs.google.com/forms/d/e/1FAIpQLSecdIpHvmGZwDKqcFI4rL6cZq5WT6cpGzS7z0Z63FkL-0Tqaw/viewform  【※現在、志願者の応募はこちらのフォームのみの受付となっております。 メールにて志願者の応募をいただいても、お受けできない場合がございます。ご了承ください。】  ★フランチャイズ版Tiger Fundingへのご応募はこちらから！ https://forms.gle/fRbpfePSRHxg9PwZ8  ★受験生版Tiger Fundingのへのご応募はこちらから！ https://forms.gle/Qi4zVUKJRS9Yo6aY7  ★受験生版Tiger Funding「虎」への応募はこちらから！ https://forms.gle/MMMt9GsjX9bmpwLa6 ＝＝★＝＝＝＝＝＝＝＝＝＝＝＝＝＝＝＝＝＝＝＝＝＝＝＝＝＝＝＝＝＝＝＝ 虎の子応援ECサイトはこちら！ https://h-soya.wixsite.com/reiwanotora ＝＝＝＝＝＝＝＝＝＝＝＝＝＝＝＝＝＝＝＝＝＝＝＝＝＝＝＝＝＝＝＝★＝＝ ★Tiger Funding 林尚弘 (株式会社FCチャンネル 代表取締役社長) 【@fc-channel】https://www.youtube.com/channel/UCXVW9P_uDdOtWA1DeeliNTA 【株式会社FCチャンネル】https://fcch.co.jp  桑田龍征 （NEW GENERATION GROUP オーナー） 【@ryu_sei_kuwata】https://www.youtube.com/channel/UCpHFEqzTX3qNNuxp2HvYThQ 【Twitter】https://mobile.twitter.com/ryu_pi_110 【NEW GENERATION GROUP公式サイト】https://bit.ly/3ATjuiW  細井 龍 （医学部受験個別指導塾MEDUCATE塾長） 【@dragon_amasora】https://www.youtube.com/channel/UCVxovvfWbiRIrNIJIVr6YFg 【HP】https://meducate.jp/  青笹 寛史/あお (アズール株式会社  代表・動画編集CAMP 主催) 【Twitter】https://twitter.com/aotech6?s=20 【@aotech6】https://www.youtube.com/channel/UCgJzj2R9zPaTj6LR1fh8LvA 【公式LINE】https://landing.lineml.jp/r/1653737044-wQGaRvKm?lp=rmiYvr  島田隆史 (株式会社お客様みなさまおかげさま 代表取締役) 【@ramem.shimayan】https://youtube.com/channel/UCWzGkre-7TJUPn9AGgRuziw 【HP】(株)お客様みなさまおかげさま https://omo-kansha.com/ 【Instagram】https://www.instagram.com/takafumishimada/?hl=ja  ★講演会に岩井良明がお邪魔します 岩井良明による講演会も随時、実施します！ 就活、若者、教育、日本の未来…岩井による講演会をご希望の方は以下のメールアドレスまでご連絡ください。 tora@monolith-j.com  ★岩井良明 初の単著『令和の虎 人生はAll or Nothing』 Amazon.co.jpにて発売中！ https://www.amazon.co.jp/dp/4801494021/  ★Tiger Funding主宰 岩井良明からの最新情報はTwitterをチェック！ 【Twitter】https://twitter.com/reiwanotoraiwai  ★チャンネル登録もよろしくお願いします！！ 【@reiwanotora】 http://www.youtube.com/channel/UCTyKZzmKi95wxmCg9rU-j6Q?sub_confirmation=1  【@_yellowcab】 https://youtube.com/channel/UCf_rMZhRlAdIkMxOpzGrxuw  #令和の虎 #TigerFunding #ビジネス  制作：株式会社Suneight https://suneight.co.jp/ ナレーター：岡田たかゆき",2025-05-31
【後編】シミュレーションゴルフを広め地域を盛り上げたい！【伊セ﨑 友大】[308人目]令和の虎,https://www.youtube.com/watch?v=Xx9KEreHXr8,197445,1305,236,★伊セ﨑さんの情報はこちら ・https://www.golfwith2022.com/ ・https://instagram.com/isechan_golf?igshid=YmMyMTA2M2Y=  ★伊セ﨑さんの配信回はこちら ・前編：https://youtu.be/sKn903jwgG4  ★リライブシャツ佐々木さんの一本流し傑作選はこちら https://youtu.be/wWHq9ZXbA_s  ★リライブシャツの購入ぺージはこちら https://reliveshirt.base.shop/ ＝＝★＝＝＝＝＝＝＝＝＝＝＝＝＝＝＝＝＝＝＝＝＝＝＝＝＝＝＝＝＝＝＝＝ ★令和の虎新グッズ！『カル虎』の購入はこちらから！ https://h-soya.wixsite.com/reiwanotora ★虎とランチができる「昼虎」の情報はこちらから！ 【HP】https://hirudora.jp/ ＝＝＝＝＝＝＝＝＝＝＝＝＝＝＝＝＝＝＝＝＝＝＝＝＝＝＝＝＝＝＝＝★＝＝ ＝＝★＝＝＝＝＝＝＝＝＝＝＝＝＝＝＝＝＝＝＝＝＝＝＝＝＝＝＝＝＝＝＝＝ 切り抜き動画の応募フォームはこちらから！ https://forms.gle/cGD9m7wJ6e7LSarTA ＝＝＝＝＝＝＝＝＝＝＝＝＝＝＝＝＝＝＝＝＝＝＝＝＝＝＝＝＝＝＝＝★＝＝ ＝＝★＝＝＝＝＝＝＝＝＝＝＝＝＝＝＝＝＝＝＝＝＝＝＝＝＝＝＝＝＝＝＝＝ 9/1より超絶リニューアル！オンラインサロン「令和の虎ファンクラブ」 (有料)へのご入会はコチラから！ https://monolith-j.com/fanclub/ ＝＝＝＝＝＝＝＝＝＝＝＝＝＝＝＝＝＝＝＝＝＝＝＝＝＝＝＝＝＝＝＝★＝＝ ＝＝★＝＝＝＝＝＝＝＝＝＝＝＝＝＝＝＝＝＝＝＝＝＝＝＝＝＝＝＝＝＝＝＝ ★『令和の虎』出演者募集中！ Tiger Fundingからの出資を受けて、事業を本格展開したい勇気ある志願者、大募集中！ 【※現在、虎の募集は行っておりません。】  出演オファーは審査の上、ご連絡いたします。  ▼志願者の応募はこちら▼ https://docs.google.com/forms/d/e/1FAIpQLSecdIpHvmGZwDKqcFI4rL6cZq5WT6cpGzS7z0Z63FkL-0Tqaw/viewform  【※現在、志願者の応募はこちらのフォームのみの受付となっております。 メールにて志願者の応募をいただいても、お受けできない場合がございます。ご了承ください。】  ★フランチャイズ版Tiger Fundingへのご応募はこちらから！ https://forms.gle/fRbpfePSRHxg9PwZ8  ★受験生版Tiger Fundingのへのご応募はこちらから！ https://forms.gle/Qi4zVUKJRS9Yo6aY7  ★受験生版Tiger Funding「虎」への応募はこちらから！ https://forms.gle/MMMt9GsjX9bmpwLa6 ＝＝★＝＝＝＝＝＝＝＝＝＝＝＝＝＝＝＝＝＝＝＝＝＝＝＝＝＝＝＝＝＝＝＝ 虎の子応援ECサイトはこちら！ https://h-soya.wixsite.com/reiwanotora ＝＝＝＝＝＝＝＝＝＝＝＝＝＝＝＝＝＝＝＝＝＝＝＝＝＝＝＝＝＝＝＝★＝＝ ★Tiger Funding 林尚弘 (株式会社FCチャンネル 代表取締役社長) 【 @fc-channel 】https://www.youtube.com/channel/UCXVW9P_uDdOtWA1DeeliNTA 【株式会社FCチャンネル】https://fcch.co.jp  桑田龍征 （NEW GENERATION GROUP オーナー） 【 @ryu_sei_kuwata 】https://www.youtube.com/channel/UCpHFEqzTX3qNNuxp2HvYThQ 【Twitter】https://mobile.twitter.com/ryu_pi_110 【NEW GENERATION GROUP公式サイト】https://bit.ly/3ATjuiW  細井 龍 （医学部受験個別指導塾MEDUCATE塾長） 【 @dragon_amasora 】https://www.youtube.com/channel/UCVxovvfWbiRIrNIJIVr6YFg 【HP】https://meducate.jp/  青笹 寛史/あお (アズール株式会社  代表・動画編集CAMP 主催) 【Twitter】https://twitter.com/aotech6?s=20 【 @aotech6 】https://www.youtube.com/channel/UCgJzj2R9zPaTj6LR1fh8LvA 【公式LINE】https://landing.lineml.jp/r/1653737044-wQGaRvKm?lp=rmiYvr  島田隆史 (株式会社お客様みなさまおかげさま 代表取締役) 【 @ramem.shimayan 】https://youtube.com/channel/UCWzGkre-7TJUPn9AGgRuziw 【HP】(株)お客様みなさまおかげさま https://omo-kansha.com/ 【Instagram】https://www.instagram.com/takafumishimada/?hl=ja  ★講演会に岩井良明がお邪魔します 岩井良明による講演会も随時、実施します！ 就活、若者、教育、日本の未来…岩井による講演会をご希望の方は以下のメールアドレスまでご連絡ください。 tora@monolith-j.com  ★岩井良明 初の単著『令和の虎 人生はAll or Nothing』 Amazon.co.jpにて発売中！ https://www.amazon.co.jp/dp/4801494021/  ★Tiger Funding主宰 岩井良明からの最新情報はTwitterをチェック！ 【Twitter】https://twitter.com/reiwanotoraiwai  ★チャンネル登録もよろしくお願いします！！ 【@reiwanotora】 http://www.youtube.com/channel/UCTyKZzmKi95wxmCg9rU-j6Q?sub_confirmation=1  【@_yellowcab】 https://youtube.com/channel/UCf_rMZhRlAdIkMxOpzGrxuw  #令和の虎 #TigerFunding #ビジネス  制作：株式会社Suneight https://suneight.co.jp/ ナレーター：岡田たかゆき,2025-05-31
【前編】シミュレーションゴルフを広め地域を盛り上げたい！【伊セ﨑 友大】[308人目]令和の虎,https://www.youtube.com/watch?v=sKn903jwgG4,270495,1344,210,★伊セ﨑さんの情報はこちら ・https://www.golfwith2022.com/ ・https://instagram.com/isechan_golf?igshid=YmMyMTA2M2Y=  ★伊セ﨑さんの配信回はこちら ・後編：https://youtu.be/Xx9KEreHXr8  ★リライブシャツ佐々木さんの一本流し傑作選はこちら https://youtu.be/wWHq9ZXbA_s  ★リライブシャツの購入ぺージはこちら https://reliveshirt.base.shop/ ＝＝★＝＝＝＝＝＝＝＝＝＝＝＝＝＝＝＝＝＝＝＝＝＝＝＝＝＝＝＝＝＝＝＝ ★令和の虎新グッズ！『カル虎』の購入はこちらから！ https://h-soya.wixsite.com/reiwanotora ★虎とランチができる「昼虎」の情報はこちらから！ 【HP】https://hirudora.jp/ ＝＝＝＝＝＝＝＝＝＝＝＝＝＝＝＝＝＝＝＝＝＝＝＝＝＝＝＝＝＝＝＝★＝＝ ＝＝★＝＝＝＝＝＝＝＝＝＝＝＝＝＝＝＝＝＝＝＝＝＝＝＝＝＝＝＝＝＝＝＝ 切り抜き動画の応募フォームはこちらから！ https://forms.gle/cGD9m7wJ6e7LSarTA ＝＝＝＝＝＝＝＝＝＝＝＝＝＝＝＝＝＝＝＝＝＝＝＝＝＝＝＝＝＝＝＝★＝＝ ＝＝★＝＝＝＝＝＝＝＝＝＝＝＝＝＝＝＝＝＝＝＝＝＝＝＝＝＝＝＝＝＝＝＝ 9/1より超絶リニューアル！オンラインサロン「令和の虎ファンクラブ」 (有料)へのご入会はコチラから！ https://monolith-j.com/fanclub/ ＝＝＝＝＝＝＝＝＝＝＝＝＝＝＝＝＝＝＝＝＝＝＝＝＝＝＝＝＝＝＝＝★＝＝ ＝＝★＝＝＝＝＝＝＝＝＝＝＝＝＝＝＝＝＝＝＝＝＝＝＝＝＝＝＝＝＝＝＝＝ ★『令和の虎』出演者募集中！ Tiger Fundingからの出資を受けて、事業を本格展開したい勇気ある志願者、大募集中！ 【※現在、虎の募集は行っておりません。】  出演オファーは審査の上、ご連絡いたします。  ▼志願者の応募はこちら▼ https://docs.google.com/forms/d/e/1FAIpQLSecdIpHvmGZwDKqcFI4rL6cZq5WT6cpGzS7z0Z63FkL-0Tqaw/viewform  【※現在、志願者の応募はこちらのフォームのみの受付となっております。 メールにて志願者の応募をいただいても、お受けできない場合がございます。ご了承ください。】  ★フランチャイズ版Tiger Fundingへのご応募はこちらから！ https://forms.gle/fRbpfePSRHxg9PwZ8  ★受験生版Tiger Fundingのへのご応募はこちらから！ https://forms.gle/Qi4zVUKJRS9Yo6aY7  ★受験生版Tiger Funding「虎」への応募はこちらから！ https://forms.gle/MMMt9GsjX9bmpwLa6 ＝＝★＝＝＝＝＝＝＝＝＝＝＝＝＝＝＝＝＝＝＝＝＝＝＝＝＝＝＝＝＝＝＝＝ 虎の子応援ECサイトはこちら！ https://h-soya.wixsite.com/reiwanotora ＝＝＝＝＝＝＝＝＝＝＝＝＝＝＝＝＝＝＝＝＝＝＝＝＝＝＝＝＝＝＝＝★＝＝ ★Tiger Funding 林尚弘 (株式会社FCチャンネル 代表取締役社長) 【@fc-channel】https://www.youtube.com/channel/UCXVW9P_uDdOtWA1DeeliNTA 【株式会社FCチャンネル】https://fcch.co.jp  桑田龍征 （NEW GENERATION GROUP オーナー） 【@ryu_sei_kuwata】https://www.youtube.com/channel/UCpHFEqzTX3qNNuxp2HvYThQ 【Twitter】https://mobile.twitter.com/ryu_pi_110 【NEW GENERATION GROUP公式サイト】https://bit.ly/3ATjuiW  細井 龍 （医学部受験個別指導塾MEDUCATE塾長） 【@dragon_amasora】https://www.youtube.com/channel/UCVxovvfWbiRIrNIJIVr6YFg 【HP】https://meducate.jp/  青笹 寛史/あお (アズール株式会社  代表・動画編集CAMP 主催) 【Twitter】https://twitter.com/aotech6?s=20 【@aotech6 】https://www.youtube.com/channel/UCgJzj2R9zPaTj6LR1fh8LvA 【公式LINE】https://landing.lineml.jp/r/1653737044-wQGaRvKm?lp=rmiYvr  島田隆史 (株式会社お客様みなさまおかげさま 代表取締役) 【@ramem.shimayan 】https://youtube.com/channel/UCWzGkre-7TJUPn9AGgRuziw 【HP】(株)お客様みなさまおかげさま https://omo-kansha.com/ 【Instagram】https://www.instagram.com/takafumishimada/?hl=ja  ★講演会に岩井良明がお邪魔します 岩井良明による講演会も随時、実施します！ 就活、若者、教育、日本の未来…岩井による講演会をご希望の方は以下のメールアドレスまでご連絡ください。 tora@monolith-j.com  ★岩井良明 初の単著『令和の虎 人生はAll or Nothing』 Amazon.co.jpにて発売中！ https://www.amazon.co.jp/dp/4801494021/  ★Tiger Funding主宰 岩井良明からの最新情報はTwitterをチェック！ 【Twitter】https://twitter.com/reiwanotoraiwai  ★チャンネル登録もよろしくお願いします！！ 【@reiwanotora】 http://www.youtube.com/channel/UCTyKZzmKi95wxmCg9rU-j6Q?sub_confirmation=1  【@_yellowcab  https://youtube.com/channel/UCf_rMZhRlAdIkMxOpzGrxuw  #令和の虎 #TigerFunding #ビジネス  制作：株式会社Suneight https://suneight.co.jp/ ナレーター：岡田たかゆき,2025-05-31
【3/3】オープンな介護施設を作り福祉の質を底上げしたい！【菊地 元三】[295人目]令和の虎,https://www.youtube.com/watch?v=HHp_ZjUqkyw,87180,502,121,★菊地さんの配信回はこちら ・第１話：https://youtu.be/-B-1_NH1yYQ ・第２話：https://youtu.be/RuNSGaUia3s  ★虎とランチができる「昼虎」の情報はこちらから！ 【HP】https://hirudora.jp/  ★リライブシャツ佐々木さんの一本流し傑作選はこちら https://youtu.be/wWHq9ZXbA_s  ★リライブシャツの購入ぺージはこちら https://reliveshirt.base.shop/ ＝＝★＝＝＝＝＝＝＝＝＝＝＝＝＝＝＝＝＝＝＝＝＝＝＝＝＝＝＝＝＝＝＝＝ 切り抜き動画の応募フォームはこちらから！ https://forms.gle/cGD9m7wJ6e7LSarTA ＝＝＝＝＝＝＝＝＝＝＝＝＝＝＝＝＝＝＝＝＝＝＝＝＝＝＝＝＝＝＝＝★＝＝ ＝＝★＝＝＝＝＝＝＝＝＝＝＝＝＝＝＝＝＝＝＝＝＝＝＝＝＝＝＝＝＝＝＝＝ オンラインサロン「令和の虎ファンクラブ」(有料)へのご入会はコチラから！ https://monolith-j.com/fanclub/ ＝＝＝＝＝＝＝＝＝＝＝＝＝＝＝＝＝＝＝＝＝＝＝＝＝＝＝＝＝＝＝＝★＝＝ ＝＝★＝＝＝＝＝＝＝＝＝＝＝＝＝＝＝＝＝＝＝＝＝＝＝＝＝＝＝＝＝＝＝＝ ★『令和の虎』出演者募集中！ Tiger Fundingからの出資を受けて、事業を本格展開したい勇気ある志願者、大募集中！ 【※現在、虎の募集は行っておりません。】  出演オファーは審査の上、ご連絡いたします。  ▼志願者の応募はこちら▼ https://docs.google.com/forms/d/e/1FAIpQLSecdIpHvmGZwDKqcFI4rL6cZq5WT6cpGzS7z0Z63FkL-0Tqaw/viewform  【※現在、志願者の応募はこちらのフォームのみの受付となっております。 メールにて志願者の応募をいただいても、お受けできない場合がございます。ご了承ください。】  ★フランチャイズ版Tiger Fundingへのご応募はこちらから！ https://forms.gle/fRbpfePSRHxg9PwZ8  ★受験生版Tiger Fundingのへのご応募はこちらから！ https://forms.gle/Qi4zVUKJRS9Yo6aY7  ★受験生版Tiger Funding「虎」への応募はこちらから！ https://forms.gle/MMMt9GsjX9bmpwLa6 ＝＝★＝＝＝＝＝＝＝＝＝＝＝＝＝＝＝＝＝＝＝＝＝＝＝＝＝＝＝＝＝＝＝＝ 虎の子応援ECサイトはこちら！ https://h-soya.wixsite.com/reiwanotora ＝＝＝＝＝＝＝＝＝＝＝＝＝＝＝＝＝＝＝＝＝＝＝＝＝＝＝＝＝＝＝＝★＝＝  ★Tiger Funding 林尚弘 (株式会社FCチャンネル 代表取締役社長) 【@fc-channel】https://www.youtube.com/channel/UCXVW9P_uDdOtWA1DeeliNTA 【株式会社FCチャンネル】https://fcch.co.jp  細井 龍 （医学部受験個別指導塾MEDUCATE塾長） 【@dragon_amasora 】https://www.youtube.com/channel/UCVxovvfWbiRIrNIJIVr6YFg 【HP】https://meducate.jp/  青笹 寛史/あお (アズール株式会社 代表) 【Twitter】https://twitter.com/aotech6?s=20 【@aotech6 】https://www.youtube.com/channel/UCgJzj2R9zPaTj6LR1fh8LvA 【公式LINE】https://landing.lineml.jp/r/1653737044-wQGaRvKm?lp=rmiYvr  森龍一 (株式会社NEXTスタッフサービス 代表) 【アールエイチナビ】https://www.rh-navi.jp/interview/detail.php?id=514 【株式会社NEXTスタッフサービス】https://www.rh-navi.jp/recruit_pack/nextss/index  前德政宗 (株式会社エムグラント 鎌倉へやこまち 代表取締役) 【HP】http://heyakomachi.com 【Twitter】https://twitter.com/maetoku_mgrant 【Instagram】https://www.instagram.com/masamune0224/  ★講演会に岩井良明がお邪魔します 岩井良明による講演会も随時、実施します！ 就活、若者、教育、日本の未来…岩井による講演会をご希望の方は以下のメールアドレスまでご連絡ください。 tora@monolith-j.com  ★岩井良明 初の単著『令和の虎 人生はAll or Nothing』 Amazon.co.jpにて発売中！ https://www.amazon.co.jp/dp/4801494021/  ★Tiger Funding主宰 岩井良明からの最新情報はTwitterをチェック！ 【Twitter】https://twitter.com/reiwanotoraiwai  ★チャンネル登録もよろしくお願いします！！ 【@reiwanotora 】 http://www.youtube.com/channel/UCTyKZzmKi95wxmCg9rU-j6Q?sub_confirmation=1  【@_yellowcab 】 https://youtube.com/channel/UCf_rMZhRlAdIkMxOpzGrxuw  #令和の虎 #TigerFunding #ビジネス,2025-05-31
【2/3】オープンな介護施設を作り福祉の質を底上げしたい！【菊地 元三】[295人目]令和の虎,https://www.youtube.com/watch?v=RuNSGaUia3s,80429,391,130,★菊地さんの配信回はこちら ・第１話：https://youtu.be/-B-1_NH1yYQ ・第３話：https://youtu.be/HHp_ZjUqkyw  ★虎とランチができる「昼虎」の情報はこちらから！ 【HP】https://hirudora.jp/  ★リライブシャツ佐々木さんの一本流し傑作選はこちら https://youtu.be/wWHq9ZXbA_s  ★リライブシャツの購入ぺージはこちら https://reliveshirt.base.shop/ ＝＝★＝＝＝＝＝＝＝＝＝＝＝＝＝＝＝＝＝＝＝＝＝＝＝＝＝＝＝＝＝＝＝＝ 切り抜き動画の応募フォームはこちらから！ https://forms.gle/cGD9m7wJ6e7LSarTA ＝＝＝＝＝＝＝＝＝＝＝＝＝＝＝＝＝＝＝＝＝＝＝＝＝＝＝＝＝＝＝＝★＝＝ ＝＝★＝＝＝＝＝＝＝＝＝＝＝＝＝＝＝＝＝＝＝＝＝＝＝＝＝＝＝＝＝＝＝＝ オンラインサロン「令和の虎ファンクラブ」(有料)へのご入会はコチラから！ https://monolith-j.com/fanclub/ ＝＝＝＝＝＝＝＝＝＝＝＝＝＝＝＝＝＝＝＝＝＝＝＝＝＝＝＝＝＝＝＝★＝＝ ＝＝★＝＝＝＝＝＝＝＝＝＝＝＝＝＝＝＝＝＝＝＝＝＝＝＝＝＝＝＝＝＝＝＝ ★『令和の虎』出演者募集中！ Tiger Fundingからの出資を受けて、事業を本格展開したい勇気ある志願者、大募集中！ 【※現在、虎の募集は行っておりません。】  出演オファーは審査の上、ご連絡いたします。  ▼志願者の応募はこちら▼ https://docs.google.com/forms/d/e/1FAIpQLSecdIpHvmGZwDKqcFI4rL6cZq5WT6cpGzS7z0Z63FkL-0Tqaw/viewform  【※現在、志願者の応募はこちらのフォームのみの受付となっております。 メールにて志願者の応募をいただいても、お受けできない場合がございます。ご了承ください。】  ★フランチャイズ版Tiger Fundingへのご応募はこちらから！ https://forms.gle/fRbpfePSRHxg9PwZ8  ★受験生版Tiger Fundingのへのご応募はこちらから！ https://forms.gle/Qi4zVUKJRS9Yo6aY7  ★受験生版Tiger Funding「虎」への応募はこちらから！ https://forms.gle/MMMt9GsjX9bmpwLa6 ＝＝★＝＝＝＝＝＝＝＝＝＝＝＝＝＝＝＝＝＝＝＝＝＝＝＝＝＝＝＝＝＝＝＝ 虎の子応援ECサイトはこちら！ https://h-soya.wixsite.com/reiwanotora ＝＝＝＝＝＝＝＝＝＝＝＝＝＝＝＝＝＝＝＝＝＝＝＝＝＝＝＝＝＝＝＝★＝＝  ★Tiger Funding 林尚弘 (株式会社FCチャンネル 代表取締役社長) 【@fc-channel  】https://www.youtube.com/channel/UCXVW9P_uDdOtWA1DeeliNTA 【株式会社FCチャンネル】https://fcch.co.jp  細井 龍 （医学部受験個別指導塾MEDUCATE塾長） 【@dragon_amasora  】https://www.youtube.com/channel/UCVxovvfWbiRIrNIJIVr6YFg 【HP】https://meducate.jp/  青笹 寛史/あお (アズール株式会社 代表) 【Twitter】https://twitter.com/aotech6?s=20 【  @aotech6 】https://www.youtube.com/channel/UCgJzj2R9zPaTj6LR1fh8LvA 【公式LINE】https://landing.lineml.jp/r/1653737044-wQGaRvKm?lp=rmiYvr  森龍一 (株式会社NEXTスタッフサービス 代表) 【アールエイチナビ】https://www.rh-navi.jp/interview/detail.php?id=514 【株式会社NEXTスタッフサービス】https://www.rh-navi.jp/recruit_pack/nextss/index  前德政宗 (株式会社エムグラント 鎌倉へやこまち 代表取締役) 【HP】http://heyakomachi.com 【Twitter】https://twitter.com/maetoku_mgrant 【Instagram】https://www.instagram.com/masamune0224/   ★講演会に岩井良明がお邪魔します 岩井良明による講演会も随時、実施します！ 就活、若者、教育、日本の未来…岩井による講演会をご希望の方は以下のメールアドレスまでご連絡ください。 tora@monolith-j.com  ★岩井良明 初の単著『令和の虎 人生はAll or Nothing』 Amazon.co.jpにて発売中！ https://www.amazon.co.jp/dp/4801494021/  ★Tiger Funding主宰 岩井良明からの最新情報はTwitterをチェック！ 【Twitter】https://twitter.com/reiwanotoraiwai  ★チャンネル登録もよろしくお願いします！！ 【 @reiwanotora 】 http://www.youtube.com/channel/UCTyKZzmKi95wxmCg9rU-j6Q?sub_confirmation=1  【@_yellowcab 】 https://youtube.com/channel/UCf_rMZhRlAdIkMxOpzGrxuw  #令和の虎 #TigerFunding #ビジネス,2025-05-31
【1/3】オープンな介護施設を作り福祉の質を底上げしたい！【菊地 元三】[295人目]令和の虎,https://www.youtube.com/watch?v=-B-1_NH1yYQ,126892,656,200,★菊地さんの配信回はこちら ・第２話：https://youtu.be/RuNSGaUia3s ・第３話：https://youtu.be/HHp_ZjUqkyw  ★虎とランチができる「昼虎」の情報はこちらから！ 【HP】https://hirudora.jp/  ★リライブシャツ佐々木さんの一本流し傑作選はこちら https://youtu.be/wWHq9ZXbA_s  ★リライブシャツの購入ぺージはこちら https://reliveshirt.base.shop/ ＝＝★＝＝＝＝＝＝＝＝＝＝＝＝＝＝＝＝＝＝＝＝＝＝＝＝＝＝＝＝＝＝＝＝ 切り抜き動画の応募フォームはこちらから！ https://forms.gle/cGD9m7wJ6e7LSarTA ＝＝＝＝＝＝＝＝＝＝＝＝＝＝＝＝＝＝＝＝＝＝＝＝＝＝＝＝＝＝＝＝★＝＝ ＝＝★＝＝＝＝＝＝＝＝＝＝＝＝＝＝＝＝＝＝＝＝＝＝＝＝＝＝＝＝＝＝＝＝ オンラインサロン「令和の虎ファンクラブ」(有料)へのご入会はコチラから！ https://monolith-j.com/fanclub/ ＝＝＝＝＝＝＝＝＝＝＝＝＝＝＝＝＝＝＝＝＝＝＝＝＝＝＝＝＝＝＝＝★＝＝ ＝＝★＝＝＝＝＝＝＝＝＝＝＝＝＝＝＝＝＝＝＝＝＝＝＝＝＝＝＝＝＝＝＝＝ ★『令和の虎』出演者募集中！ Tiger Fundingからの出資を受けて、事業を本格展開したい勇気ある志願者、大募集中！ 【※現在、虎の募集は行っておりません。】  出演オファーは審査の上、ご連絡いたします。  ▼志願者の応募はこちら▼ https://docs.google.com/forms/d/e/1FAIpQLSecdIpHvmGZwDKqcFI4rL6cZq5WT6cpGzS7z0Z63FkL-0Tqaw/viewform  【※現在、志願者の応募はこちらのフォームのみの受付となっております。 メールにて志願者の応募をいただいても、お受けできない場合がございます。ご了承ください。】  ★フランチャイズ版Tiger Fundingへのご応募はこちらから！ https://forms.gle/fRbpfePSRHxg9PwZ8  ★受験生版Tiger Fundingのへのご応募はこちらから！ https://forms.gle/Qi4zVUKJRS9Yo6aY7  ★受験生版Tiger Funding「虎」への応募はこちらから！ https://forms.gle/MMMt9GsjX9bmpwLa6 ＝＝★＝＝＝＝＝＝＝＝＝＝＝＝＝＝＝＝＝＝＝＝＝＝＝＝＝＝＝＝＝＝＝＝ 虎の子応援ECサイトはこちら！ https://h-soya.wixsite.com/reiwanotora ＝＝＝＝＝＝＝＝＝＝＝＝＝＝＝＝＝＝＝＝＝＝＝＝＝＝＝＝＝＝＝＝★＝＝  ★Tiger Funding 林尚弘 (株式会社FCチャンネル 代表取締役社長) 【@fc-channel 】https://www.youtube.com/channel/UCXVW9P_uDdOtWA1DeeliNTA 【株式会社FCチャンネル】https://fcch.co.jp  細井 龍 （医学部受験個別指導塾MEDUCATE塾長） 【@dragon_amasora 】https://www.youtube.com/channel/UCVxovvfWbiRIrNIJIVr6YFg 【HP】https://meducate.jp/  青笹 寛史/あお (アズール株式会社 代表) 【Twitter】https://twitter.com/aotech6?s=20 【 @aotech6 】https://www.youtube.com/channel/UCgJzj2R9zPaTj6LR1fh8LvA 【公式LINE】https://landing.lineml.jp/r/1653737044-wQGaRvKm?lp=rmiYvr  森龍一 (株式会社NEXTスタッフサービス 代表) 【アールエイチナビ】https://www.rh-navi.jp/interview/detail.php?id=514 【株式会社NEXTスタッフサービス】https://www.rh-navi.jp/recruit_pack/nextss/index  前德政宗 (株式会社エムグラント 鎌倉へやこまち 代表取締役) 【HP】http://heyakomachi.com 【Twitter】https://twitter.com/maetoku_mgrant 【Instagram】https://www.instagram.com/masamune0224/   ★講演会に岩井良明がお邪魔します 岩井良明による講演会も随時、実施します！ 就活、若者、教育、日本の未来…岩井による講演会をご希望の方は以下のメールアドレスまでご連絡ください。 tora@monolith-j.com  ★岩井良明 初の単著『令和の虎 人生はAll or Nothing』 Amazon.co.jpにて発売中！ https://www.amazon.co.jp/dp/4801494021/  ★Tiger Funding主宰 岩井良明からの最新情報はTwitterをチェック！ 【Twitter】https://twitter.com/reiwanotoraiwai  ★チャンネル登録もよろしくお願いします！！ 【@reiwanotora 】 http://www.youtube.com/channel/UCTyKZzmKi95wxmCg9rU-j6Q?sub_confirmation=1  【@_yellowcab 】 https://youtube.com/channel/UCf_rMZhRlAdIkMxOpzGrxuw  #令和の虎 #TigerFunding #ビジネス,2025-05-31
【後編】メニューや価格を自由に設定できるリラクゼーションサロンの運営をしたい！【江南 久美】[258人目]令和の虎,https://www.youtube.com/watch?v=1WBNcu7wTHM,77850,510,81,★江南さんの配信回はこちら ・前編：https://youtu.be/tnUggGHFKGQ  【テフレShanti ホームページ】https://tefure.com 【YouTube】https://youtube.com/channel/UC2jaYPhwz53Yyf3WQiGtQXg  ＝＝★＝＝＝＝＝＝＝＝＝＝＝＝＝＝＝＝＝＝＝＝＝＝＝＝＝＝＝＝＝＝＝＝ 切り抜き動画の応募フォームはこちらから！ https://forms.gle/cGD9m7wJ6e7LSarTA ＝＝＝＝＝＝＝＝＝＝＝＝＝＝＝＝＝＝＝＝＝＝＝＝＝＝＝＝＝＝＝＝★＝＝ ＝＝★＝＝＝＝＝＝＝＝＝＝＝＝＝＝＝＝＝＝＝＝＝＝＝＝＝＝＝＝＝＝＝＝ オンラインサロン「令和の虎ファンクラブ」(有料)へのご入会はコチラから！ https://monolith-j.com/fanclub/ ＝＝＝＝＝＝＝＝＝＝＝＝＝＝＝＝＝＝＝＝＝＝＝＝＝＝＝＝＝＝＝＝★＝＝ ＝＝★＝＝＝＝＝＝＝＝＝＝＝＝＝＝＝＝＝＝＝＝＝＝＝＝＝＝＝＝＝＝＝＝ ★『令和の虎』出演者募集中！ Tiger Fundingからの出資を受けて、事業を本格展開したい勇気ある志願者、大募集中！ 【※現在、虎の募集は行っておりません。】  出演オファーは審査の上、ご連絡いたします。  ▼志願者の応募はこちら▼ https://docs.google.com/forms/d/e/1FAIpQLSecdIpHvmGZwDKqcFI4rL6cZq5WT6cpGzS7z0Z63FkL-0Tqaw/viewform  【※現在、志願者の応募はこちらのフォームのみの受付となっております。 メールにて志願者の応募をいただいても、お受けできない場合がございます。ご了承ください。】  ★フランチャイズ版Tiger Fundingへのご応募はこちらから！ https://forms.gle/fRbpfePSRHxg9PwZ8  ★受験生版Tiger Fundingのへのご応募はこちらから！ https://forms.gle/Qi4zVUKJRS9Yo6aY7  ＝＝★＝＝＝＝＝＝＝＝＝＝＝＝＝＝＝＝＝＝＝＝＝＝＝＝＝＝＝＝＝＝＝＝ 虎の子応援ECサイトはこちら！ https://h-soya.wixsite.com/reiwanotora ＝＝＝＝＝＝＝＝＝＝＝＝＝＝＝＝＝＝＝＝＝＝＝＝＝＝＝＝＝＝＝＝★＝＝  ★Tiger Funding 細井龍 （アマソラクリニック 院長 ） 【医学部受験 MEDUCATE TV】https://www.youtube.com/channel/UCVxovvfWbiRIrNIJIVr6YFg 【 @dragon_amasora  】https://www.youtube.com/channel/UCvKk23twpijvqlzhSWreySg/featured 【Twitter】https://twitter.com/dragonhosoi?ref_src=twsrc%5Egoogle%7Ctwcamp%5Eserp%7Ctwgr%5Eauthor  竹内亢一 (株式会社Suneight代表取締役) 【竹内亢一Twitter】https://twitter.com/suneight_ceo 【竹内亢一TikTok】https://www.tiktok.com/@suneight.ceo?lang=ja-JP 【竹内亢一Instagram】https://instagram.com/suneight_ceo?utm_medium=copy_link  高澤有紀 (株式会社ADOYOSU代表） 【Twitter】https://twitter.com/TakazawaYuki 【Facebook】https://www.facebook.com/yuki.yuuki.10/  大迫源一 (株式会社ふじなコーポレーション代表取締役) 【 @fujinacorp 】 https://youtube.com/channel/UCKLMFmX460no9xQSz3IYyHA 【Instagram】https://www.instagram.com/genichi00  青笹 寛史/あお (アズール株式会社 代表) 【Twitter】https://twitter.com/aotech6?s=20 【  @aotech6  】https://www.youtube.com/channel/UCgJzj2R9zPaTj6LR1fh8LvA 【公式LINE】https://landing.lineml.jp/r/1653737044-wQGaRvKm?lp=rmiYvr  ★講演会に岩井良明がお邪魔します 岩井良明による講演会も随時、実施します！ 就活、若者、教育、日本の未来…岩井による講演会をご希望の方は以下のメールアドレスまでご連絡ください。 tora@monolith-j.com  ★岩井良明 初の単著『令和の虎 人生はAll or Nothing』 Amazon.co.jpにて発売中！ https://www.amazon.co.jp/dp/4801494021/  ★Tiger Funding主宰 岩井良明からの最新情報はTwitterをチェック！ 【Twitter】https://twitter.com/reiwanotoraiwai  ★チャンネル登録もよろしくお願いします！！ 【  @reiwanotora  】 http://www.youtube.com/channel/UCTyKZzmKi95wxmCg9rU-j6Q?sub_confirmation=1  #令和の虎 #TigerFunding #ビジネス #細井龍 #竹内亢一 #高澤有紀 #大迫源一 #青笹寛史/あお,2025-05-31
【前編】メニューや価格を自由に設定できるリラクゼーションサロンの運営をしたい！【江南 久美】[258人目]令和の虎,https://www.youtube.com/watch?v=tnUggGHFKGQ,143416,882,144,【Twitter連動企画始動！『ALL or NOTHING予想』】 ●これから配信される各志願者について『令和の虎CHANNEL』公式Twitterにて『ALL or NOTHING予想』の記事を上げますので、「#令和の虎」「＃結果予想」をつけてその志願者が「ALL」か「Nothing」か・希望金額に対して各虎がいくら出すかも含めて予想したツイートを投稿してください。 ツイートにてお答えいただいた方の中から厳選なる抽選の結果、お一人に賞品を贈呈します！ https://twitter.com/reiwa_no_tora  【テフレShanti ホームページ】https://tefure.com 【YouTube】https://youtube.com/channel/UC2jaYPhwz53Yyf3WQiGtQXg  ＝＝★＝＝＝＝＝＝＝＝＝＝＝＝＝＝＝＝＝＝＝＝＝＝＝＝＝＝＝＝＝＝＝＝ 切り抜き動画の応募フォームはこちらから！ https://forms.gle/cGD9m7wJ6e7LSarTA ＝＝＝＝＝＝＝＝＝＝＝＝＝＝＝＝＝＝＝＝＝＝＝＝＝＝＝＝＝＝＝＝★＝＝ ＝＝★＝＝＝＝＝＝＝＝＝＝＝＝＝＝＝＝＝＝＝＝＝＝＝＝＝＝＝＝＝＝＝＝ オンラインサロン「令和の虎ファンクラブ」(有料)へのご入会はコチラから！ https://monolith-j.com/fanclub/ ＝＝＝＝＝＝＝＝＝＝＝＝＝＝＝＝＝＝＝＝＝＝＝＝＝＝＝＝＝＝＝＝★＝＝ ＝＝★＝＝＝＝＝＝＝＝＝＝＝＝＝＝＝＝＝＝＝＝＝＝＝＝＝＝＝＝＝＝＝＝ ★『令和の虎』出演者募集中！ Tiger Fundingからの出資を受けて、事業を本格展開したい勇気ある志願者、大募集中！ 【※現在、虎の募集は行っておりません。】  出演オファーは審査の上、ご連絡いたします。  ▼志願者の応募はこちら▼ https://docs.google.com/forms/d/e/1FAIpQLSecdIpHvmGZwDKqcFI4rL6cZq5WT6cpGzS7z0Z63FkL-0Tqaw/viewform  【※現在、志願者の応募はこちらのフォームのみの受付となっております。 メールにて志願者の応募をいただいても、お受けできない場合がございます。ご了承ください。】  ★フランチャイズ版Tiger Fundingへのご応募はこちらから！ https://forms.gle/fRbpfePSRHxg9PwZ8  ★受験生版Tiger Fundingのへのご応募はこちらから！ https://forms.gle/Qi4zVUKJRS9Yo6aY7  ＝＝★＝＝＝＝＝＝＝＝＝＝＝＝＝＝＝＝＝＝＝＝＝＝＝＝＝＝＝＝＝＝＝＝ 虎の子応援ECサイトはこちら！ https://h-soya.wixsite.com/reiwanotora ＝＝＝＝＝＝＝＝＝＝＝＝＝＝＝＝＝＝＝＝＝＝＝＝＝＝＝＝＝＝＝＝★＝＝  ★Tiger Funding 細井龍 （アマソラクリニック 院長 ） 【医学部受験 MEDUCATE TV】https://www.youtube.com/channel/UCVxovvfWbiRIrNIJIVr6YFg 【 @dragon_amasora  】https://www.youtube.com/channel/UCvKk23twpijvqlzhSWreySg/featured 【Twitter】https://twitter.com/dragonhosoi?ref_src=twsrc%5Egoogle%7Ctwcamp%5Eserp%7Ctwgr%5Eauthor  竹内亢一 (株式会社Suneight代表取締役) 【竹内亢一Twitter】https://twitter.com/suneight_ceo 【竹内亢一TikTok】https://www.tiktok.com/@suneight.ceo?lang=ja-JP 【竹内亢一Instagram】https://instagram.com/suneight_ceo?utm_medium=copy_link  高澤有紀 (株式会社ADOYOSU代表） 【Twitter】https://twitter.com/TakazawaYuki 【Facebook】https://www.facebook.com/yuki.yuuki.10/  大迫源一 (株式会社ふじなコーポレーション代表取締役) 【 @fujinacorp 】 https://youtube.com/channel/UCKLMFmX460no9xQSz3IYyHA 【Instagram】https://www.instagram.com/genichi00  青笹 寛史/あお (アズール株式会社 代表) 【Twitter】https://twitter.com/aotech6?s=20 【  @aotech6  】https://www.youtube.com/channel/UCgJzj2R9zPaTj6LR1fh8LvA 【公式LINE】https://landing.lineml.jp/r/1653737044-wQGaRvKm?lp=rmiYvr  ★講演会に岩井良明がお邪魔します 岩井良明による講演会も随時、実施します！ 就活、若者、教育、日本の未来…岩井による講演会をご希望の方は以下のメールアドレスまでご連絡ください。 tora@monolith-j.com  ★岩井良明 初の単著『令和の虎 人生はAll or Nothing』 Amazon.co.jpにて発売中！ https://www.amazon.co.jp/dp/4801494021/  ★Tiger Funding主宰 岩井良明からの最新情報はTwitterをチェック！ 【Twitter】https://twitter.com/reiwanotoraiwai  ★チャンネル登録もよろしくお願いします！！ 【  @reiwanotora 】 http://www.youtube.com/channel/UCTyKZzmKi95wxmCg9rU-j6Q?sub_confirmation=1  #令和の虎 #TigerFunding #ビジネス #細井龍 #竹内亢一 #高澤有紀 #大迫源一 #青笹寛史/あお,2025-05-31
【3/3】海鮮丼「侍」を全国展開したい！【内田 圭祐】[229人目]令和の虎,https://www.youtube.com/watch?v=YFdP8U420rU,228975,1660,290,※この動画は2022年1月11日に撮影された動画です。  ★内田さんの配信回はこちら ・第１話：https://youtu.be/RdisF1ed6E0 ・第２話：https://youtu.be/RbpouZeqyZw  ＝＝★＝＝＝＝＝＝＝＝＝＝＝＝＝＝＝＝＝＝＝＝＝＝＝＝＝＝＝＝＝＝＝＝ 切り抜き動画の応募フォームはこちらから！ https://forms.gle/cGD9m7wJ6e7LSarTA ＝＝＝＝＝＝＝＝＝＝＝＝＝＝＝＝＝＝＝＝＝＝＝＝＝＝＝＝＝＝＝＝★＝＝ ＝＝★＝＝＝＝＝＝＝＝＝＝＝＝＝＝＝＝＝＝＝＝＝＝＝＝＝＝＝＝＝＝＝＝ オンラインサロン「令和の虎ファンクラブ」(有料)へのご入会はコチラから！ https://monolith-j.com/fanclub/ ＝＝＝＝＝＝＝＝＝＝＝＝＝＝＝＝＝＝＝＝＝＝＝＝＝＝＝＝＝＝＝＝★＝＝ ＝＝★＝＝＝＝＝＝＝＝＝＝＝＝＝＝＝＝＝＝＝＝＝＝＝＝＝＝＝＝＝＝＝＝ ★『令和の虎』出演者募集中！ Tiger Fundingからの出資を受けて、事業を本格展開したい勇気ある志願者、大募集中！ 【※現在、虎の募集は行っておりません。】  出演オファーは審査の上、ご連絡いたします。  ▼志願者の応募はこちら▼ https://docs.google.com/forms/d/e/1FAIpQLSecdIpHvmGZwDKqcFI4rL6cZq5WT6cpGzS7z0Z63FkL-0Tqaw/viewform  【※現在、志願者の応募はこちらのフォームのみの受付となっております。 メールにて志願者の応募をいただいても、お受けできない場合がございます。ご了承ください。】 ＝＝＝＝＝＝＝＝＝＝＝＝＝＝＝＝＝＝＝＝＝＝＝＝＝＝＝＝＝＝＝＝★＝＝ ＝★＝＝＝＝＝＝＝＝＝＝＝＝＝＝＝＝＝＝＝＝＝＝＝＝＝＝＝＝＝＝＝＝ 新たに開設した令和の虎 外伝チャンネルはこちら！　※動画は順次公開予定です。 https://youtube.com/channel/UCgsWdyfXr1nP2kCALkluoQQ ＝＝＝＝＝＝＝＝＝＝＝＝＝＝＝＝＝＝＝＝＝＝＝＝＝＝＝＝＝＝＝＝★＝＝ ＝＝★＝＝＝＝＝＝＝＝＝＝＝＝＝＝＝＝＝＝＝＝＝＝＝＝＝＝＝＝＝＝＝＝ 虎の子応援ECサイトはこちら！ https://h-soya.wixsite.com/reiwanotora ＝＝＝＝＝＝＝＝＝＝＝＝＝＝＝＝＝＝＝＝＝＝＝＝＝＝＝＝＝＝＝＝★＝＝  ★Tiger Funding ドラゴン細井 (AMASORA CLINIC院長) 【医学部受験 MEDUCATE TV】https://www.youtube.com/channel/UCVxovvfWbiRIrNIJIVr6YFg 【@dragon_amasora 】https://www.youtube.com/channel/UCvKk23twpijvqlzhSWreySg/featured 【Twitter】https://twitter.com/dragonhosoi?ref_src=twsrc%5Egoogle%7Ctwcamp%5Eserp%7Ctwgr%5Eauthor   唐沢菜々江 （クラブNanaeオーナーママ） 【 @ginza-woman 】 https://www.youtube.com/channel/UCYLIuZ_k8mb9RJrLqNI5rhA?sub_confirmation=1 【クラブNanae公式HP】http://club-nanae.com/ 【Instagram】https://www.instagram.com/nanae.karasawa/?hl=ja  三浦 哲郎 (トリアイナグループ 会長) 【コーポレートサイト】https://toriaina.com/ 【@shukatsuneo】https://www.youtube.com/channel/UCydVChNiewUg4Y_9YXJvk-g 【Instagram】https://www.instagram.com/tetsuchairman/?hl=ja  青笹 寛史/あお (アズール株式会社 代表) 【Twitter】https://twitter.com/aotech6?s=20 【@aotech6 】https://www.youtube.com/channel/UCgJzj2R9zPaTj6LR1fh8LvA 【公式LINE】https://landing.lineml.jp/r/1653737044-wQGaRvKm?lp=rmiYvr  辰巳大地 (無職) 【Twitter 】https://mobile.twitter.com/daichi_tatsumi  ★講演会に岩井良明がお邪魔します 岩井良明による講演会も随時、実施します！ 就活、若者、教育、日本の未来…岩井による講演会をご希望の方は以下のメールアドレスまでご連絡ください。 tora@monolith-j.com  ★岩井良明 初の単著『令和の虎 人生はAll or Nothing』 Amazon.co.jpにて発売中！ https://www.amazon.co.jp/dp/4801494021/  ★Tiger Funding主宰 岩井良明からの最新情報はTwitterをチェック！ 【Twitter】https://twitter.com/reiwanotoraiwai  ★チャンネル登録もよろしくお願いします！！ 【@reiwanotora】http://www.youtube.com/channel/UCTyKZzmKi95wxmCg9rU-j6Q?sub_confirmation=1  #令和の虎 #TigerFunding #ビジネス #ドラゴン細井 #唐沢菜々江 #三浦哲郎 #あお #辰巳大地  制作：株式会社Suneight https://suneight.co.jp/ ナレーター：岡田たかゆき,2025-05-31
【2/3】海鮮丼「侍」を全国展開したい！【内田 圭祐】[229人目]令和の虎,https://www.youtube.com/watch?v=RbpouZeqyZw,210970,1160,353,※この動画は2022年1月11日に撮影された動画です。  ★内田さんの配信回はこちら ・第１話：https://youtu.be/RdisF1ed6E0 ・第３話：https://youtu.be/YFdP8U420rU  ＝＝★＝＝＝＝＝＝＝＝＝＝＝＝＝＝＝＝＝＝＝＝＝＝＝＝＝＝＝＝＝＝＝＝ 切り抜き動画の応募フォームはこちらから！ https://forms.gle/cGD9m7wJ6e7LSarTA ＝＝＝＝＝＝＝＝＝＝＝＝＝＝＝＝＝＝＝＝＝＝＝＝＝＝＝＝＝＝＝＝★＝＝ ＝＝★＝＝＝＝＝＝＝＝＝＝＝＝＝＝＝＝＝＝＝＝＝＝＝＝＝＝＝＝＝＝＝＝ オンラインサロン「令和の虎ファンクラブ」(有料)へのご入会はコチラから！ https://monolith-j.com/fanclub/ ＝＝＝＝＝＝＝＝＝＝＝＝＝＝＝＝＝＝＝＝＝＝＝＝＝＝＝＝＝＝＝＝★＝＝ ＝＝★＝＝＝＝＝＝＝＝＝＝＝＝＝＝＝＝＝＝＝＝＝＝＝＝＝＝＝＝＝＝＝＝ ★『令和の虎』出演者募集中！ Tiger Fundingからの出資を受けて、事業を本格展開したい勇気ある志願者、大募集中！ 【※現在、虎の募集は行っておりません。】  出演オファーは審査の上、ご連絡いたします。  ▼志願者の応募はこちら▼ https://docs.google.com/forms/d/e/1FAIpQLSecdIpHvmGZwDKqcFI4rL6cZq5WT6cpGzS7z0Z63FkL-0Tqaw/viewform  【※現在、志願者の応募はこちらのフォームのみの受付となっております。 メールにて志願者の応募をいただいても、お受けできない場合がございます。ご了承ください。】 ＝＝＝＝＝＝＝＝＝＝＝＝＝＝＝＝＝＝＝＝＝＝＝＝＝＝＝＝＝＝＝＝★＝＝ ＝★＝＝＝＝＝＝＝＝＝＝＝＝＝＝＝＝＝＝＝＝＝＝＝＝＝＝＝＝＝＝＝＝ 新たに開設した令和の虎 外伝チャンネルはこちら！　※動画は順次公開予定です。 https://youtube.com/channel/UCgsWdyfXr1nP2kCALkluoQQ ＝＝＝＝＝＝＝＝＝＝＝＝＝＝＝＝＝＝＝＝＝＝＝＝＝＝＝＝＝＝＝＝★＝＝ ＝＝★＝＝＝＝＝＝＝＝＝＝＝＝＝＝＝＝＝＝＝＝＝＝＝＝＝＝＝＝＝＝＝＝ 虎の子応援ECサイトはこちら！ https://h-soya.wixsite.com/reiwanotora ＝＝＝＝＝＝＝＝＝＝＝＝＝＝＝＝＝＝＝＝＝＝＝＝＝＝＝＝＝＝＝＝★＝＝  ★Tiger Funding ドラゴン細井 (AMASORA CLINIC院長) 【医学部受験 MEDUCATE TV】https://www.youtube.com/channel/UCVxovvfWbiRIrNIJIVr6YFg 【 @dragon_amasora 】https://www.youtube.com/channel/UCvKk23twpijvqlzhSWreySg/featured 【Twitter】https://twitter.com/dragonhosoi?ref_src=twsrc%5Egoogle%7Ctwcamp%5Eserp%7Ctwgr%5Eauthor   唐沢菜々江 （クラブNanaeオーナーママ） 【@ginza-woman】 https://www.youtube.com/channel/UCYLIuZ_k8mb9RJrLqNI5rhA?sub_confirmation=1 【クラブNanae公式HP】http://club-nanae.com/ 【Instagram】https://www.instagram.com/nanae.karasawa/?hl=ja  三浦 哲郎 (トリアイナグループ 会長) 【コーポレートサイト】https://toriaina.com/ 【 @shukatsuneo 】https://www.youtube.com/channel/UCydVChNiewUg4Y_9YXJvk-g 【Instagram】https://www.instagram.com/tetsuchairman/?hl=ja  青笹 寛史/あお (アズール株式会社 代表) 【Twitter】https://twitter.com/aotech6?s=20 【@aotech6 】https://www.youtube.com/channel/UCgJzj2R9zPaTj6LR1fh8LvA 【公式LINE】https://landing.lineml.jp/r/1653737044-wQGaRvKm?lp=rmiYvr  辰巳大地 (無職) 【Twitter 】https://mobile.twitter.com/daichi_tatsumi  ★講演会に岩井良明がお邪魔します 岩井良明による講演会も随時、実施します！ 就活、若者、教育、日本の未来…岩井による講演会をご希望の方は以下のメールアドレスまでご連絡ください。 tora@monolith-j.com  ★岩井良明 初の単著『令和の虎 人生はAll or Nothing』 Amazon.co.jpにて発売中！ https://www.amazon.co.jp/dp/4801494021/  ★Tiger Funding主宰 岩井良明からの最新情報はTwitterをチェック！ 【Twitter】https://twitter.com/reiwanotoraiwai  ★チャンネル登録もよろしくお願いします！！ 【@reiwanotora 】http://www.youtube.com/channel/UCTyKZzmKi95wxmCg9rU-j6Q?sub_confirmation=1  #令和の虎 #TigerFunding #ビジネス #ドラゴン細井 #唐沢菜々江 #三浦哲郎 #あお #辰巳大地  制作：株式会社Suneight https://suneight.co.jp/ ナレーター：岡田たかゆき,2025-05-31
【1/3】海鮮丼「侍」を全国展開したい！【内田 圭祐】[229人目]令和の虎,https://www.youtube.com/watch?v=RdisF1ed6E0,217499,1353,192,※この動画は2022年1月11日に撮影された動画です。  ★内田さんの配信回はこちら ・第2話：https://youtu.be/RbpouZeqyZw ・第3話：https://youtu.be/YFdP8U420rU  ＝＝★＝＝＝＝＝＝＝＝＝＝＝＝＝＝＝＝＝＝＝＝＝＝＝＝＝＝＝＝＝＝＝＝ 切り抜き動画の応募フォームはこちらから！ https://forms.gle/cGD9m7wJ6e7LSarTA ＝＝＝＝＝＝＝＝＝＝＝＝＝＝＝＝＝＝＝＝＝＝＝＝＝＝＝＝＝＝＝＝★＝＝ ＝＝★＝＝＝＝＝＝＝＝＝＝＝＝＝＝＝＝＝＝＝＝＝＝＝＝＝＝＝＝＝＝＝＝ オンラインサロン「令和の虎ファンクラブ」(有料)へのご入会はコチラから！ https://monolith-j.com/fanclub/ ＝＝＝＝＝＝＝＝＝＝＝＝＝＝＝＝＝＝＝＝＝＝＝＝＝＝＝＝＝＝＝＝★＝＝ ＝＝★＝＝＝＝＝＝＝＝＝＝＝＝＝＝＝＝＝＝＝＝＝＝＝＝＝＝＝＝＝＝＝＝ ★『令和の虎』出演者募集中！ Tiger Fundingからの出資を受けて、事業を本格展開したい勇気ある志願者、大募集中！ 【※現在、虎の募集は行っておりません。】  出演オファーは審査の上、ご連絡いたします。  ▼志願者の応募はこちら▼ https://docs.google.com/forms/d/e/1FAIpQLSecdIpHvmGZwDKqcFI4rL6cZq5WT6cpGzS7z0Z63FkL-0Tqaw/viewform  【※現在、志願者の応募はこちらのフォームのみの受付となっております。 メールにて志願者の応募をいただいても、お受けできない場合がございます。ご了承ください。】 ＝＝＝＝＝＝＝＝＝＝＝＝＝＝＝＝＝＝＝＝＝＝＝＝＝＝＝＝＝＝＝＝★＝＝ ＝★＝＝＝＝＝＝＝＝＝＝＝＝＝＝＝＝＝＝＝＝＝＝＝＝＝＝＝＝＝＝＝＝ 新たに開設した令和の虎 外伝チャンネルはこちら！　※動画は順次公開予定です。 https://youtube.com/channel/UCgsWdyfXr1nP2kCALkluoQQ ＝＝＝＝＝＝＝＝＝＝＝＝＝＝＝＝＝＝＝＝＝＝＝＝＝＝＝＝＝＝＝＝★＝＝ ＝＝★＝＝＝＝＝＝＝＝＝＝＝＝＝＝＝＝＝＝＝＝＝＝＝＝＝＝＝＝＝＝＝＝ 虎の子応援ECサイトはこちら！ https://h-soya.wixsite.com/reiwanotora ＝＝＝＝＝＝＝＝＝＝＝＝＝＝＝＝＝＝＝＝＝＝＝＝＝＝＝＝＝＝＝＝★＝＝  ★Tiger Funding ドラゴン細井 (AMASORA CLINIC院長) 【医学部受験 MEDUCATE TV】https://www.youtube.com/channel/UCVxovvfWbiRIrNIJIVr6YFg 【@dragon_amasora 】https://www.youtube.com/channel/UCvKk23twpijvqlzhSWreySg/featured 【Twitter】https://twitter.com/dragonhosoi?ref_src=twsrc%5Egoogle%7Ctwcamp%5Eserp%7Ctwgr%5Eauthor   唐沢菜々江 （クラブNanaeオーナーママ） 【 @ginza-woman  】 https://www.youtube.com/channel/UCYLIuZ_k8mb9RJrLqNI5rhA?sub_confirmation=1 【クラブNanae公式HP】http://club-nanae.com/ 【Instagram】https://www.instagram.com/nanae.karasawa/?hl=ja  三浦 哲郎 (トリアイナグループ 会長) 【コーポレートサイト】https://toriaina.com/ 【 @shukatsuneo 】https://www.youtube.com/channel/UCydVChNiewUg4Y_9YXJvk-g 【Instagram】https://www.instagram.com/tetsuchairman/?hl=ja  青笹 寛史/あお (アズール株式会社 代表) 【Twitter】https://twitter.com/aotech6?s=20 【 @aotech6 】https://www.youtube.com/channel/UCgJzj2R9zPaTj6LR1fh8LvA 【公式LINE】https://landing.lineml.jp/r/1653737044-wQGaRvKm?lp=rmiYvr  辰巳大地 (無職) 【Twitter 】https://mobile.twitter.com/daichi_tatsumi  ★講演会に岩井良明がお邪魔します 岩井良明による講演会も随時、実施します！ 就活、若者、教育、日本の未来…岩井による講演会をご希望の方は以下のメールアドレスまでご連絡ください。 tora@monolith-j.com  ★岩井良明 初の単著『令和の虎 人生はAll or Nothing』 Amazon.co.jpにて発売中！ https://www.amazon.co.jp/dp/4801494021/  ★Tiger Funding主宰 岩井良明からの最新情報はTwitterをチェック！ 【Twitter】https://twitter.com/reiwanotoraiwai  ★チャンネル登録もよろしくお願いします！！ 【@reiwanotora】http://www.youtube.com/channel/UCTyKZzmKi95wxmCg9rU-j6Q?sub_confirmation=1  #令和の虎 #TigerFunding #ビジネス #ドラゴン細井 #唐沢菜々江 #三浦哲郎 #あお #辰巳大地  制作：株式会社Suneight https://suneight.co.jp/ ナレーター：岡田たかゆき,2025-05-31
【3/3】運転代行事業を拡大し長野県No.1になりたい！【武藤 寿】[227人目]令和の虎,https://www.youtube.com/watch?v=31za7kNB-F8,282108,3355,684,事業計画を巡り窮地に追い込まれる志願者、その時主宰が動く...！ ＝＝★＝＝＝＝＝＝＝＝＝＝＝＝＝＝＝＝＝＝＝＝＝＝＝＝＝＝＝＝＝＝＝＝ 切り抜き動画の応募フォームはこちらから！ https://forms.gle/cGD9m7wJ6e7LSarTA ＝＝＝＝＝＝＝＝＝＝＝＝＝＝＝＝＝＝＝＝＝＝＝＝＝＝＝＝＝＝＝＝★＝＝ ＝＝★＝＝＝＝＝＝＝＝＝＝＝＝＝＝＝＝＝＝＝＝＝＝＝＝＝＝＝＝＝＝＝＝ オンラインサロン「令和の虎ファンクラブ」(有料)へのご入会はコチラから！ https://monolith-j.com/fanclub/ ＝＝＝＝＝＝＝＝＝＝＝＝＝＝＝＝＝＝＝＝＝＝＝＝＝＝＝＝＝＝＝＝★＝＝ ＝＝★＝＝＝＝＝＝＝＝＝＝＝＝＝＝＝＝＝＝＝＝＝＝＝＝＝＝＝＝＝＝＝＝ ★『令和の虎』出演者募集中！ Tiger Fundingからの出資を受けて、事業を本格展開したい勇気ある志願者、大募集中！ 【※現在、虎の募集は行っておりません。】  出演オファーは審査の上、ご連絡いたします。  ▼志願者の応募はこちら▼ https://docs.google.com/forms/d/e/1FAIpQLSecdIpHvmGZwDKqcFI4rL6cZq5WT6cpGzS7z0Z63FkL-0Tqaw/viewform  【※現在、志願者の応募はこちらのフォームのみの受付となっております。 メールにて志願者の応募をいただいても、お受けできない場合がございます。ご了承ください。】 ＝＝＝＝＝＝＝＝＝＝＝＝＝＝＝＝＝＝＝＝＝＝＝＝＝＝＝＝＝＝＝＝★＝＝ ＝★＝＝＝＝＝＝＝＝＝＝＝＝＝＝＝＝＝＝＝＝＝＝＝＝＝＝＝＝＝＝＝＝ 新たに開設した令和の虎 外伝チャンネルはこちら！　※動画は順次公開予定です。 https://youtube.com/channel/UCgsWdyfXr1nP2kCALkluoQQ ＝＝＝＝＝＝＝＝＝＝＝＝＝＝＝＝＝＝＝＝＝＝＝＝＝＝＝＝＝＝＝＝★＝＝ ＝＝★＝＝＝＝＝＝＝＝＝＝＝＝＝＝＝＝＝＝＝＝＝＝＝＝＝＝＝＝＝＝＝＝ 虎の子応援ECサイトはこちら！ https://h-soya.wixsite.com/reiwanotora ＝＝＝＝＝＝＝＝＝＝＝＝＝＝＝＝＝＝＝＝＝＝＝＝＝＝＝＝＝＝＝＝★＝＝  ★武藤さんの情報はこちら ・結代行(運転代行のお問い合わせ)  090-8007-2994 ・https://www.instagram.com/yuidaikou_mutou_hisashi/  ★武藤さんの配信回はこちら ・第１話：https://youtu.be/Ph94tRfJ8oE ・第２話：https://youtu.be/wS40IFMRFrI  ★Tiger Funding ドラゴン細井 (AMASORA CLINIC院長) 【医学部受験 MEDUCATE TV】https://www.youtube.com/channel/UCVxovvfWbiRIrNIJIVr6YFg 【 @dragon_amasora 】https://www.youtube.com/channel/UCvKk23twpijvqlzhSWreySg/featured 【Twitter】https://twitter.com/dragonhosoi?ref_src=twsrc%5Egoogle%7Ctwcamp%5Eserp%7Ctwgr%5Eauthor  木下勇人 （税理士法人レディング代表　株式会社HKキャピタル　代表取締役） 【 @相続専門の税理士教えて 】https://youtube.com/channel/UC6EKs0ac95s8oD-3C0-n_EA 【税理士法人レディング】https://www.leding.or.jp/ 【Facebook】https://www.facebook.com/hayato.kinoshita.3  高澤有紀 （株式会社ADOYOSU 代表取締役） 【Twitter】https://twitter.com/TakazawaYuki 【Facebook】https://www.facebook.com/yuki.yuuki.10/  大迫源一 (株式会社ふじなコーポレーション代表取締役) 【粋　飲食人チャンネル】https://youtube.com/channel/UCKLMFmX460no9xQSz3IYyHA 【Instagram】https://www.instagram.com/genichi00  青笹 寛史/あお (アズール株式会社 代表) 【Twitter】https://twitter.com/aotech6?s=20 【 @aotech6 】https://www.youtube.com/channel/UCgJzj2R9zPaTj6LR1fh8LvA 【公式LINE】https://landing.lineml.jp/r/1653737044-wQGaRvKm?lp=rmiYvr  ★岩井良明 初の単著『令和の虎 人生はAll or Nothing』 Amazon.co.jpにて発売中！ https://www.amazon.co.jp/dp/4801494021/  ★Tiger Funding主宰 岩井良明からの最新情報はTwitterをチェック！ 【Twitter】https://twitter.com/reiwanotoraiwai  ★講演会に 岩井良明 がお邪魔します 元 マネーの虎 岩井 良明による講演会も随時、実施します！ 就活、若者、教育、日本の未来…岩井による講演会をご希望の方は以下のメールアドレスまでご連絡ください。 tora@monolith-j.com  ★チャンネル登録もよろしくお願いします！！ 【 @reiwanotora  】http://www.youtube.com/channel/UCTyKZzmKi95wxmCg9rU-j6Q?sub_confirmation=1  #令和の虎 #TigerFunding #ビジネス #ドラゴン細井 #木下勇人 #高澤有紀 #大迫源一 #あお  制作：株式会社Suneight https://suneight.co.jp/ ナレーター：岡田たかゆき,2025-05-31
【2/3】運転代行事業を拡大し長野県No.1になりたい！【武藤 寿】[227人目]令和の虎,https://www.youtube.com/watch?v=wS40IFMRFrI,303314,2108,262,カギを握るのは採算をとれるかどうか、札束を動かすきっかけを生み出せるのか...！？ ＝＝★＝＝＝＝＝＝＝＝＝＝＝＝＝＝＝＝＝＝＝＝＝＝＝＝＝＝＝＝＝＝＝＝ 切り抜き動画の応募フォームはこちらから！ https://forms.gle/cGD9m7wJ6e7LSarTA ＝＝＝＝＝＝＝＝＝＝＝＝＝＝＝＝＝＝＝＝＝＝＝＝＝＝＝＝＝＝＝＝★＝＝ ＝＝★＝＝＝＝＝＝＝＝＝＝＝＝＝＝＝＝＝＝＝＝＝＝＝＝＝＝＝＝＝＝＝＝ オンラインサロン「令和の虎ファンクラブ」(有料)へのご入会はコチラから！ https://monolith-j.com/fanclub/ ＝＝＝＝＝＝＝＝＝＝＝＝＝＝＝＝＝＝＝＝＝＝＝＝＝＝＝＝＝＝＝＝★＝＝ ＝＝★＝＝＝＝＝＝＝＝＝＝＝＝＝＝＝＝＝＝＝＝＝＝＝＝＝＝＝＝＝＝＝＝ ★『令和の虎』出演者募集中！ Tiger Fundingからの出資を受けて、事業を本格展開したい勇気ある志願者、大募集中！ 【※現在、虎の募集は行っておりません。】  出演オファーは審査の上、ご連絡いたします。  ▼志願者の応募はこちら▼ https://docs.google.com/forms/d/e/1FAIpQLSecdIpHvmGZwDKqcFI4rL6cZq5WT6cpGzS7z0Z63FkL-0Tqaw/viewform  【※現在、志願者の応募はこちらのフォームのみの受付となっております。 メールにて志願者の応募をいただいても、お受けできない場合がございます。ご了承ください。】 ＝＝＝＝＝＝＝＝＝＝＝＝＝＝＝＝＝＝＝＝＝＝＝＝＝＝＝＝＝＝＝＝★＝＝ ＝★＝＝＝＝＝＝＝＝＝＝＝＝＝＝＝＝＝＝＝＝＝＝＝＝＝＝＝＝＝＝＝＝ 新たに開設した令和の虎 外伝チャンネルはこちら！　※動画は順次公開予定です。 https://youtube.com/channel/UCgsWdyfXr1nP2kCALkluoQQ ＝＝＝＝＝＝＝＝＝＝＝＝＝＝＝＝＝＝＝＝＝＝＝＝＝＝＝＝＝＝＝＝★＝＝ ＝＝★＝＝＝＝＝＝＝＝＝＝＝＝＝＝＝＝＝＝＝＝＝＝＝＝＝＝＝＝＝＝＝＝ 虎の子応援ECサイトはこちら！ https://h-soya.wixsite.com/reiwanotora ＝＝＝＝＝＝＝＝＝＝＝＝＝＝＝＝＝＝＝＝＝＝＝＝＝＝＝＝＝＝＝＝★＝＝  ★武藤さんの情報はこちら ・結代行(運転代行のお問い合わせ)  090-8007-2994 ・https://www.instagram.com/yuidaikou_mutou_hisashi/  ★武藤さんの配信回はこちら ・第１話：https://youtu.be/Ph94tRfJ8oE ・第３話：https://youtu.be/31za7kNB-F8  ★Tiger Funding ドラゴン細井 (AMASORA CLINIC院長) 【医学部受験 MEDUCATE TV】https://www.youtube.com/channel/UCVxovvfWbiRIrNIJIVr6YFg 【@dragon_amasora 】https://www.youtube.com/channel/UCvKk23twpijvqlzhSWreySg/featured 【Twitter】https://twitter.com/dragonhosoi?ref_src=twsrc%5Egoogle%7Ctwcamp%5Eserp%7Ctwgr%5Eauthor  木下勇人 （税理士法人レディング代表　株式会社HKキャピタル　代表取締役） 【@相続専門の税理士教えて】https://youtube.com/channel/UC6EKs0ac95s8oD-3C0-n_EA 【税理士法人レディング】https://www.leding.or.jp/ 【Facebook】https://www.facebook.com/hayato.kinoshita.3  高澤有紀 （株式会社ADOYOSU 代表取締役） 【Twitter】https://twitter.com/TakazawaYuki 【Facebook】https://www.facebook.com/yuki.yuuki.10/  大迫源一 (株式会社ふじなコーポレーション代表取締役) 【粋　飲食人チャンネル】https://youtube.com/channel/UCKLMFmX460no9xQSz3IYyHA 【Instagram】https://www.instagram.com/genichi00  青笹 寛史/あお (アズール株式会社 代表) 【Twitter】https://twitter.com/aotech6?s=20 【@aotech6 】https://www.youtube.com/channel/UCgJzj2R9zPaTj6LR1fh8LvA 【公式LINE】https://landing.lineml.jp/r/1653737044-wQGaRvKm?lp=rmiYvr  ★岩井良明 初の単著『令和の虎 人生はAll or Nothing』 Amazon.co.jpにて発売中！ https://www.amazon.co.jp/dp/4801494021/  ★Tiger Funding主宰 岩井良明からの最新情報はTwitterをチェック！ 【Twitter】https://twitter.com/reiwanotoraiwai  ★講演会に 岩井良明 がお邪魔します 元 マネーの虎 岩井 良明による講演会も随時、実施します！ 就活、若者、教育、日本の未来…岩井による講演会をご希望の方は以下のメールアドレスまでご連絡ください。 tora@monolith-j.com  ★チャンネル登録もよろしくお願いします！！ 【@reiwanotora】http://www.youtube.com/channel/UCTyKZzmKi95wxmCg9rU-j6Q?sub_confirmation=1  #令和の虎 #TigerFunding #ビジネス #ドラゴン細井 #木下勇人 #高澤有紀 #大迫源一 #あお  制作：株式会社Suneight https://suneight.co.jp/ ナレーター：岡田たかゆき,2025-05-31
【1/3】運転代行事業を拡大し長野県No.1になりたい！【武藤 寿】[227人目]令和の虎,https://www.youtube.com/watch?v=Ph94tRfJ8oE,451740,4868,864,今宵の志願者は波乱万丈な人生を送ってきた!? その過去を乗り越えTiger Fundingへと挑む。 ＝＝★＝＝＝＝＝＝＝＝＝＝＝＝＝＝＝＝＝＝＝＝＝＝＝＝＝＝＝＝＝＝＝＝ 切り抜き動画の応募フォームはこちらから！ https://forms.gle/cGD9m7wJ6e7LSarTA ＝＝＝＝＝＝＝＝＝＝＝＝＝＝＝＝＝＝＝＝＝＝＝＝＝＝＝＝＝＝＝＝★＝＝ ＝＝★＝＝＝＝＝＝＝＝＝＝＝＝＝＝＝＝＝＝＝＝＝＝＝＝＝＝＝＝＝＝＝＝ オンラインサロン「令和の虎ファンクラブ」(有料)へのご入会はコチラから！ https://monolith-j.com/fanclub/ ＝＝＝＝＝＝＝＝＝＝＝＝＝＝＝＝＝＝＝＝＝＝＝＝＝＝＝＝＝＝＝＝★＝＝ ＝＝★＝＝＝＝＝＝＝＝＝＝＝＝＝＝＝＝＝＝＝＝＝＝＝＝＝＝＝＝＝＝＝＝ ★『令和の虎』出演者募集中！ Tiger Fundingからの出資を受けて、事業を本格展開したい勇気ある志願者、大募集中！ 【※現在、虎の募集は行っておりません。】  出演オファーは審査の上、ご連絡いたします。  ▼志願者の応募はこちら▼ https://docs.google.com/forms/d/e/1FAIpQLSecdIpHvmGZwDKqcFI4rL6cZq5WT6cpGzS7z0Z63FkL-0Tqaw/viewform  【※現在、志願者の応募はこちらのフォームのみの受付となっております。 メールにて志願者の応募をいただいても、お受けできない場合がございます。ご了承ください。】 ＝＝＝＝＝＝＝＝＝＝＝＝＝＝＝＝＝＝＝＝＝＝＝＝＝＝＝＝＝＝＝＝★＝＝ ＝★＝＝＝＝＝＝＝＝＝＝＝＝＝＝＝＝＝＝＝＝＝＝＝＝＝＝＝＝＝＝＝＝ 新たに開設した令和の虎 外伝チャンネルはこちら！　※動画は順次公開予定です。 https://youtube.com/channel/UCgsWdyfXr1nP2kCALkluoQQ ＝＝＝＝＝＝＝＝＝＝＝＝＝＝＝＝＝＝＝＝＝＝＝＝＝＝＝＝＝＝＝＝★＝＝ ＝＝★＝＝＝＝＝＝＝＝＝＝＝＝＝＝＝＝＝＝＝＝＝＝＝＝＝＝＝＝＝＝＝＝ 虎の子応援ECサイトはこちら！ https://h-soya.wixsite.com/reiwanotora ＝＝＝＝＝＝＝＝＝＝＝＝＝＝＝＝＝＝＝＝＝＝＝＝＝＝＝＝＝＝＝＝★＝＝  ★武藤さんの情報はこちら ・結代行(運転代行のお問い合わせ)  090-8007-2994 ・https://www.instagram.com/yuidaikou_mutou_hisashi/  ★武藤さんの配信回はこちら ・第2話：https://youtu.be/wS40IFMRFrI ・第3話：https://youtu.be/31za7kNB-F8  ★Tiger Funding ドラゴン細井 (AMASORA CLINIC院長) 【医学部受験 MEDUCATE TV】https://www.youtube.com/channel/UCVxovvfWbiRIrNIJIVr6YFg 【@dragon_amasora 】https://www.youtube.com/channel/UCvKk23twpijvqlzhSWreySg/featured 【Twitter】https://twitter.com/dragonhosoi?ref_src=twsrc%5Egoogle%7Ctwcamp%5Eserp%7Ctwgr%5Eauthor  木下勇人 （税理士法人レディング代表　株式会社HKキャピタル　代表取締役） 【@相続専門の税理士教えて】https://youtube.com/channel/UC6EKs0ac95s8oD-3C0-n_EA 【税理士法人レディング】https://www.leding.or.jp/ 【Facebook】https://www.facebook.com/hayato.kinoshita.3  高澤有紀 （株式会社ADOYOSU 代表取締役） 【Twitter】https://twitter.com/TakazawaYuki 【Facebook】https://www.facebook.com/yuki.yuuki.10/  大迫源一 (株式会社ふじなコーポレーション代表取締役) 【粋　飲食人チャンネル】https://youtube.com/channel/UCKLMFmX460no9xQSz3IYyHA 【Instagram】https://www.instagram.com/genichi00  青笹 寛史/あお (アズール株式会社 代表) 【Twitter】https://twitter.com/aotech6?s=20 【@aotech6 】https://www.youtube.com/channel/UCgJzj2R9zPaTj6LR1fh8LvA 【公式LINE】https://landing.lineml.jp/r/1653737044-wQGaRvKm?lp=rmiYvr  ★岩井良明 初の単著『令和の虎 人生はAll or Nothing』 Amazon.co.jpにて発売中！ https://www.amazon.co.jp/dp/4801494021/  ★Tiger Funding主宰 岩井良明からの最新情報はTwitterをチェック！ 【Twitter】https://twitter.com/reiwanotoraiwai  ★講演会に 岩井良明 がお邪魔します 元 マネーの虎 岩井 良明による講演会も随時、実施します！ 就活、若者、教育、日本の未来…岩井による講演会をご希望の方は以下のメールアドレスまでご連絡ください。 tora@monolith-j.com  ★チャンネル登録もよろしくお願いします！！ 【@reiwanotora】http://www.youtube.com/channel/UCTyKZzmKi95wxmCg9rU-j6Q?sub_confirmation=1  #令和の虎 #TigerFunding #ビジネス #ドラゴン細井 #木下勇人 #高澤有紀 #大迫源一 #あお  制作：株式会社Suneight https://suneight.co.jp/ ナレーター：岡田たかゆき,2025-05-31
